FeedbackID,ProductionID,FeedbackDate,FeedbackRating,FeedbackComment
1,1,2023-06-30,5.7,Skilled work
2,2,2024-05-02,4.4,Fine improvement
3,3,2020-09-02,3.7,Excellent focus
4,4,2020-09-16,5.1,Great strategy
5,5,2023-09-29,6.1,Careful planning
6,6,2020-08-01,7.8,Great timing
7,7,2021-11-28,4.2,Solid answer
8,8,2022-11-01,5.5,Superb thinking
9,9,2021-10-13,8.7,Precise work
10,10,2020-07-16,3.8,Great strategy
11,11,2021-05-16,9.7,Clear vision
12,12,2023-06-10,6.0,Good intuition
13,13,2022-04-17,3.2,Well done
14,14,2020-06-30,3.2,Brilliant work
15,15,2020-07-15,8.7,Bold step
16,16,2022-10-07,1.3,Amazing progress
17,17,2025-02-05,1.1,Well structured
18,18,2023-10-05,9.6,Clean code
19,19,2023-09-11,9.9,Nice thinking
20,20,2024-10-15,1.6,Nice thinking
21,21,2023-12-28,8.0,Confident answer
22,22,2024-01-01,5.4,Smooth execution
23,23,2022-02-03,2.6,Very good
24,24,2020-06-05,8.0,Nice thinking
25,25,2024-10-28,8.6,Excellent work
26,26,2024-10-23,7.4,Careful planning
27,27,2021-02-02,6.9,Excellent focus
28,28,2021-05-07,9.6,Cool trick
29,29,2023-09-07,9.7,Strong logic
30,30,2024-09-16,3.3,Excellent focus
31,31,2021-09-28,2.4,Good intuition
32,32,2022-03-20,7.4,Clean code
33,33,2021-05-23,3.3,Strong logic
34,34,2024-04-17,5.3,Nice effort
35,35,2025-03-14,9.1,Excellent work
36,36,2022-03-11,2.1,Brilliant work
37,37,2021-05-25,3.8,Well structured
38,38,2023-01-10,8.2,Clever trick
39,39,2023-12-25,6.9,Clear vision
40,40,2020-07-12,4.6,Excellent work
41,41,2023-06-25,8.4,Neat solution
42,42,2020-07-23,4.3,Great job
43,43,2024-09-10,3.9,Amazing progress
44,44,2023-07-01,4.9,Great job
45,45,2023-12-02,3.5,Thoughtful approach
46,46,2021-10-01,3.2,Confident answer
47,47,2023-02-09,4.0,Clear vision
48,48,2024-09-21,8.1,Amazing effort
49,49,2025-01-20,4.1,Great focus
50,50,2022-08-14,2.3,Well done
51,51,2023-06-09,2.5,Brilliant idea
52,52,2025-01-01,4.6,Excellent work
53,53,2021-07-13,3.8,Fine improvement
54,54,2021-04-01,3.5,Clever trick
55,55,2024-09-15,1.8,Great timing
56,56,2022-04-26,4.2,Elegant code
57,57,2021-04-14,1.1,Excellent focus
58,58,2022-01-22,3.2,Good progress
59,59,2021-05-11,6.5,Excellent focus
60,60,2024-05-06,4.8,Smart move
61,61,2024-11-24,3.0,Top quality
62,62,2021-11-06,4.6,Skilled work
63,63,2023-01-21,1.4,Well done
64,64,2023-10-17,9.2,Impressive skills
65,65,2024-01-02,3.5,Nice effort
66,66,2020-11-05,4.7,Fast learner
67,67,2025-03-12,5.7,Well done
68,68,2024-09-27,6.8,Excellent work
69,69,2023-09-02,4.1,Fine improvement
70,70,2025-05-04,9.2,Clever trick
71,71,2020-06-29,8.2,Impressive skills
72,72,2024-12-01,6.6,Impressive skills
73,73,2021-01-18,8.5,Great timing
74,74,2022-07-13,9.4,Skilled work
75,75,2023-02-04,2.8,Amazing progress
76,76,2025-02-18,4.1,Great timing
77,77,2021-06-02,5.7,Well structured
78,78,2022-07-16,3.4,Great focus
79,79,2020-12-08,1.0,Clear logic
80,80,2024-07-04,4.5,Awesome job
81,81,2024-03-27,6.9,Top quality
82,82,2022-02-16,6.6,Careful planning
83,83,2021-03-11,2.3,Creative idea
84,84,2022-11-28,4.6,Super result
85,85,2023-07-12,6.2,Strong logic
86,86,2023-09-15,1.1,Clear vision
87,87,2024-10-14,1.3,Amazing effort
88,88,2024-12-15,8.9,Nice effort
89,89,2024-08-11,3.9,Excellent focus
90,90,2023-08-09,9.7,Brilliant work
91,91,2023-11-14,8.1,Excellent work
92,92,2024-01-31,6.0,Nice effort
93,93,2022-02-01,2.4,Well structured
94,94,2021-08-31,3.3,Excellent focus
95,95,2023-02-17,5.0,Brilliant idea
96,96,2021-02-17,4.8,Impressive skills
97,97,2021-01-06,6.7,Elegant code
98,98,2023-11-01,3.4,Bold step
99,99,2025-04-13,4.9,Nice detail
100,100,2021-06-29,9.3,Great strategy
101,101,2024-07-15,3.0,Confident answer
102,102,2022-03-07,4.2,Clear vision
103,103,2020-06-21,4.1,Nice thinking
104,104,2021-01-03,1.1,Good thinking
105,105,2023-10-22,7.4,Excellent work
106,106,2021-11-03,4.1,Sharp mind
107,107,2024-12-28,9.6,Fine improvement
108,108,2022-03-28,5.2,Great job
109,109,2021-01-10,2.1,Top quality
110,110,2023-01-09,3.5,Good progress
111,111,2021-07-03,3.2,Great timing
112,112,2021-12-14,7.6,Superb thinking
113,113,2022-11-02,3.0,Brilliant work
114,114,2022-02-11,1.6,Quick response
115,115,2024-03-12,6.1,Fine improvement
116,116,2020-07-16,4.4,Sharp mind
117,117,2021-07-09,9.5,Great timing
118,118,2024-10-03,4.2,Amazing progress
119,119,2020-11-12,6.3,Perfect timing
120,120,2021-03-04,9.4,Brilliant idea
121,121,2022-08-04,6.3,Very good
122,122,2023-10-23,5.4,Quick response
123,123,2021-01-26,1.5,Strong start
124,124,2025-01-31,6.8,Great insight
125,125,2022-09-25,6.9,Very good
126,126,2024-11-02,3.4,Nice effort
127,127,2021-09-01,1.8,Smart move
128,128,2025-01-16,6.1,Careful planning
129,129,2023-06-15,8.2,Perfect timing
130,130,2022-11-11,6.0,Neat solution
131,131,2021-11-19,8.3,Good intuition
132,132,2024-05-30,5.2,Perfect timing
133,133,2025-04-24,6.2,Good intuition
134,134,2023-04-22,2.7,Precise work
135,135,2021-09-06,4.1,Nice effort
136,136,2024-04-06,3.2,Fine improvement
137,137,2022-08-01,6.3,Solid answer
138,138,2022-11-27,5.3,Good progress
139,139,2023-02-05,8.6,Fast learner
140,140,2022-01-11,6.0,Fine improvement
141,141,2020-08-10,1.8,Sharp mind
142,142,2021-09-07,3.0,Nice thinking
143,143,2023-11-11,8.0,Fine improvement
144,144,2024-05-13,4.0,Clear logic
145,145,2023-08-07,1.6,Perfect timing
146,146,2020-10-11,9.6,Skilled work
147,147,2024-10-12,5.3,Good thinking
148,148,2021-12-06,3.1,Amazing progress
149,149,2020-11-19,3.4,Cool trick
150,150,2020-09-03,5.9,Superb thinking
151,151,2022-03-20,1.8,Nice detail
152,152,2022-10-25,6.3,Excellent work
153,153,2020-08-13,8.6,Smooth execution
154,154,2021-12-03,4.0,Sharp mind
155,155,2024-08-14,7.0,Amazing progress
156,156,2020-07-03,2.0,Well structured
157,157,2020-09-15,9.0,Sharp mind
158,158,2022-03-07,2.7,Confident answer
159,159,2022-08-25,5.1,Nice thinking
160,160,2021-08-15,4.3,Strong logic
161,161,2021-07-07,2.1,Good progress
162,162,2021-12-25,8.9,Smooth execution
163,163,2022-03-09,9.3,Good progress
164,164,2022-10-07,7.8,Brilliant idea
165,165,2024-07-07,1.2,Nice detail
166,166,2022-11-17,2.8,Amazing effort
167,167,2024-07-26,3.3,Clear logic
168,168,2021-09-28,7.7,Good intuition
169,169,2024-04-08,2.5,Elegant code
170,170,2020-08-22,5.0,Smooth execution
171,171,2021-10-06,2.2,Amazing effort
172,172,2023-08-14,4.1,Amazing progress
173,173,2021-05-11,4.9,Good progress
174,174,2021-01-04,3.8,Great insight
175,175,2021-04-07,9.4,Smooth execution
176,176,2024-11-09,2.0,Brilliant work
177,177,2021-01-06,5.5,Brilliant idea
178,178,2021-07-27,6.4,Impressive skills
179,179,2023-05-19,6.8,Well structured
180,180,2020-09-17,8.8,Amazing progress
181,181,2023-05-13,5.8,Smooth execution
182,182,2024-10-02,4.5,Strong start
183,183,2023-06-17,1.9,Quick response
184,184,2020-06-15,9.6,Quick response
185,185,2021-01-27,4.3,Good thinking
186,186,2022-04-14,8.9,Confident answer
187,187,2022-12-18,1.3,Solid answer
188,188,2024-03-18,9.6,Good progress
189,189,2025-02-12,4.8,Superb thinking
190,190,2022-05-24,5.5,Excellent work
191,191,2022-09-02,7.0,Thoughtful approach
192,192,2021-09-13,9.5,Quick response
193,193,2024-12-13,7.4,Good progress
194,194,2024-10-03,9.2,Thoughtful approach
195,195,2024-12-26,2.9,Creative idea
196,196,2024-03-13,9.8,Fine improvement
197,197,2024-06-13,4.8,Neat solution
198,198,2021-12-06,5.3,Nice effort
199,199,2023-10-06,5.6,Very good
200,200,2024-08-19,5.6,Clear vision
201,201,2021-05-21,8.9,Impressive skills
202,202,2023-05-01,2.6,Strong logic
203,203,2022-04-08,8.0,Excellent work
204,204,2023-03-29,7.0,Top quality
205,205,2022-06-30,5.3,Super result
206,206,2025-01-05,5.6,Clever trick
207,207,2025-05-04,2.2,Top quality
208,208,2024-09-29,6.9,Cool trick
209,209,2025-04-29,6.7,Cool trick
210,210,2020-10-07,4.3,Smooth execution
211,211,2024-07-13,2.4,Fine improvement
212,212,2023-10-24,8.1,Great job
213,213,2023-07-21,2.8,Cool trick
214,214,2023-07-11,6.1,Superb thinking
215,215,2022-04-27,2.4,Smart choice
216,216,2020-09-03,2.7,Brilliant idea
217,217,2024-10-09,5.5,Good intuition
218,218,2023-10-05,1.3,Impressive skills
219,219,2024-11-05,4.5,Amazing effort
220,220,2021-07-12,7.6,Thoughtful approach
221,221,2022-01-11,1.9,Great focus
222,222,2020-07-23,7.3,Amazing effort
223,223,2022-07-03,7.9,Careful planning
224,224,2022-03-11,1.3,Careful planning
225,225,2023-03-29,8.6,Top quality
226,226,2022-03-19,9.5,Great focus
227,227,2020-11-25,1.3,Bold step
228,228,2024-11-02,3.0,Smooth execution
229,229,2022-11-21,9.7,Fine improvement
230,230,2022-12-17,1.4,Very good
231,231,2020-12-01,9.2,Nice effort
232,232,2020-05-18,8.4,Quick response
233,233,2022-05-26,2.3,Great job
234,234,2022-10-14,7.3,Great timing
235,235,2023-06-07,4.4,Super result
236,236,2021-05-23,8.8,Sharp mind
237,237,2023-06-02,8.6,Impressive skills
238,238,2020-07-28,3.8,Awesome job
239,239,2021-01-04,8.4,Excellent work
240,240,2023-12-04,7.4,Neat solution
241,241,2021-12-05,4.3,Impressive skills
242,242,2021-11-22,7.5,Nice thinking
243,243,2024-06-17,5.1,Smart move
244,244,2024-02-18,7.0,Amazing effort
245,245,2024-12-25,6.2,Great strategy
246,246,2024-11-02,9.6,Neat solution
247,247,2020-08-13,7.2,Strong start
248,248,2020-06-29,2.9,Perfect timing
249,249,2022-08-08,2.2,Well structured
250,250,2023-02-09,3.0,Thoughtful approach
251,251,2024-10-09,5.7,Excellent focus
252,252,2021-12-15,8.1,Good thinking
253,253,2023-02-04,8.4,Quick response
254,254,2022-04-16,3.1,Cool trick
255,255,2022-11-17,2.7,Skilled work
256,256,2022-07-30,5.7,Great strategy
257,257,2022-07-19,2.5,Great timing
258,258,2021-07-21,2.5,Top quality
259,259,2024-10-26,9.7,Elegant code
260,260,2021-04-19,4.3,Smart move
261,261,2021-03-24,5.0,Awesome job
262,262,2023-12-20,9.8,Super result
263,263,2022-01-30,6.9,Confident answer
264,264,2022-04-25,1.4,Clever trick
265,265,2023-10-23,1.9,Bold step
266,266,2023-01-11,3.0,Clean code
267,267,2025-03-15,5.8,Clear logic
268,268,2024-07-10,2.9,Confident answer
269,269,2023-03-19,2.9,Brilliant work
270,270,2025-01-30,5.6,Confident answer
271,271,2022-03-20,7.3,Confident answer
272,272,2022-10-19,7.1,Smart move
273,273,2025-02-10,6.2,Super result
274,274,2020-07-27,5.3,Bold step
275,275,2021-06-15,1.5,Very good
276,276,2020-06-29,7.1,Great focus
277,277,2020-08-14,4.4,Amazing effort
278,278,2024-10-16,9.3,Superb thinking
279,279,2025-03-19,1.1,Quick response
280,280,2021-08-31,6.0,Confident answer
281,281,2021-11-12,3.8,Awesome job
282,282,2020-05-23,7.7,Elegant code
283,283,2022-09-03,1.6,Fast learner
284,284,2021-04-14,6.7,Good progress
285,285,2022-03-24,6.8,Awesome job
286,286,2021-10-08,1.3,Good progress
287,287,2025-05-03,1.8,Amazing progress
288,288,2020-06-18,8.4,Solid answer
289,289,2021-06-29,8.4,Cool trick
290,290,2021-06-17,8.4,Strong logic
291,291,2021-04-26,7.0,Great timing
292,292,2023-11-30,9.9,Very good
293,293,2021-09-11,6.0,Quick response
294,294,2023-03-11,2.9,Perfect timing
295,295,2023-03-24,3.6,Good progress
296,296,2024-04-07,3.9,Great job
297,297,2022-04-07,7.5,Solid answer
298,298,2022-03-11,8.5,Solid answer
299,299,2021-05-16,5.9,Great focus
300,300,2022-03-08,3.8,Strong start
301,301,2021-03-13,3.1,Careful planning
302,302,2023-01-03,7.0,Cool trick
303,303,2024-06-27,4.6,Thoughtful approach
304,304,2020-07-01,5.1,Great insight
305,305,2021-06-30,9.8,Superb thinking
306,306,2022-01-09,9.9,Solid answer
307,307,2021-08-21,6.3,Amazing progress
308,308,2022-07-20,1.3,Very good
309,309,2023-11-06,9.4,Nice detail
310,310,2022-06-16,7.9,Good progress
311,311,2024-01-08,6.8,Strong logic
312,312,2024-12-30,1.8,Solid answer
313,313,2023-03-26,8.3,Clever trick
314,314,2024-11-21,1.9,Excellent work
315,315,2025-03-02,4.1,Super result
316,316,2022-01-31,9.4,Smart choice
317,317,2024-02-03,5.6,Clear logic
318,318,2023-04-05,8.0,Awesome job
319,319,2020-09-18,4.5,Top quality
320,320,2023-11-14,9.3,Clever trick
321,321,2024-01-12,7.4,Fine improvement
322,322,2021-04-13,2.7,Good thinking
323,323,2021-12-01,4.5,Confident answer
324,324,2022-06-16,2.2,Clear logic
325,325,2023-11-07,5.4,Good intuition
326,326,2020-10-19,5.9,Great job
327,327,2022-12-26,2.2,Excellent work
328,328,2022-07-06,6.8,Super result
329,329,2023-02-25,5.5,Great strategy
330,330,2022-08-29,1.2,Bold step
331,331,2021-05-27,3.9,Nice effort
332,332,2025-04-16,2.9,Creative idea
333,333,2022-07-08,9.9,Top quality
334,334,2023-02-15,9.0,Cool trick
335,335,2021-12-25,8.9,Clear vision
336,336,2021-07-30,7.7,Strong start
337,337,2024-05-19,3.3,Careful planning
338,338,2024-08-03,2.8,Solid answer
339,339,2025-04-07,8.1,Nice thinking
340,340,2025-03-26,9.6,Excellent work
341,341,2022-10-15,4.8,Top quality
342,342,2024-07-29,5.4,Great focus
343,343,2020-06-19,2.2,Elegant code
344,344,2021-02-20,8.5,Well done
345,345,2024-08-27,6.4,Neat solution
346,346,2024-04-16,9.0,Superb thinking
347,347,2022-11-23,3.9,Cool trick
348,348,2022-07-03,2.3,Clean code
349,349,2022-06-23,5.1,Nice effort
350,350,2024-06-11,4.3,Perfect timing
351,351,2024-01-08,7.8,Impressive skills
352,352,2022-11-21,9.0,Well done
353,353,2022-03-31,8.9,Good intuition
354,354,2022-04-18,1.2,Brilliant idea
355,355,2024-01-18,1.3,Good thinking
356,356,2023-09-26,1.6,Brilliant idea
357,357,2021-04-06,7.7,Excellent focus
358,358,2021-05-25,7.1,Nice detail
359,359,2024-05-19,9.4,Excellent focus
360,360,2021-02-01,4.4,Excellent focus
361,361,2025-05-03,1.5,Skilled work
362,362,2024-10-30,4.8,Great focus
363,363,2023-12-02,7.1,Fast learner
364,364,2022-02-14,2.7,Nice effort
365,365,2020-12-11,5.6,Precise work
366,366,2022-05-28,4.1,Great timing
367,367,2023-01-11,9.7,Cool trick
368,368,2021-01-29,9.4,Quick response
369,369,2020-07-07,1.5,Creative idea
370,370,2024-03-06,6.4,Super result
371,371,2021-07-16,3.1,Well structured
372,372,2020-08-17,9.9,Great insight
373,373,2021-11-03,2.4,Top quality
374,374,2023-10-26,3.6,Good thinking
375,375,2021-10-19,3.5,Bold step
376,376,2023-07-22,1.7,Creative idea
377,377,2023-03-21,3.9,Bold step
378,378,2024-02-29,4.7,Excellent focus
379,379,2020-09-22,2.9,Great timing
380,380,2023-05-23,8.6,Superb thinking
381,381,2025-03-16,2.2,Brilliant work
382,382,2024-01-13,9.7,Nice effort
383,383,2020-06-17,1.6,Well done
384,384,2020-09-23,2.5,Clever trick
385,385,2021-02-24,8.4,Confident answer
386,386,2024-04-01,2.4,Impressive skills
387,387,2025-04-26,5.5,Clear logic
388,388,2024-06-28,5.9,Sharp mind
389,389,2022-06-13,9.7,Smart move
390,390,2023-01-01,3.2,Cool trick
391,391,2024-12-23,3.4,Perfect timing
392,392,2024-04-11,3.7,Clear vision
393,393,2023-02-01,8.0,Smooth execution
394,394,2021-02-03,2.4,Smart move
395,395,2021-03-27,7.3,Top quality
396,396,2021-06-07,9.9,Well structured
397,397,2020-09-18,6.3,Thoughtful approach
398,398,2020-05-13,5.1,Bold step
399,399,2022-01-24,9.1,Amazing progress
400,400,2020-06-15,4.2,Well structured
401,401,2022-02-14,1.2,Superb thinking
402,402,2024-06-18,8.7,Amazing effort
403,403,2021-09-11,2.0,Solid answer
404,404,2023-01-12,4.4,Neat solution
405,405,2021-07-17,9.5,Smart choice
406,406,2021-08-17,6.7,Nice thinking
407,407,2024-11-22,7.4,Creative idea
408,408,2023-07-22,9.2,Elegant code
409,409,2022-01-02,5.2,Fast learner
410,410,2023-01-11,4.5,Strong logic
411,411,2021-11-13,7.5,Precise work
412,412,2022-06-27,4.0,Superb thinking
413,413,2025-02-14,6.1,Solid answer
414,414,2020-07-26,3.7,Confident answer
415,415,2024-02-07,4.5,Bold step
416,416,2023-07-05,1.8,Clear logic
417,417,2025-02-13,6.2,Excellent work
418,418,2024-03-11,9.4,Confident answer
419,419,2023-09-04,2.9,Amazing progress
420,420,2024-06-09,4.8,Top quality
421,421,2024-11-15,5.3,Clear logic
422,422,2021-11-02,9.2,Great job
423,423,2025-01-22,3.9,Clever trick
424,424,2020-12-24,3.2,Nice thinking
425,425,2021-02-06,5.4,Perfect timing
426,426,2021-04-14,1.6,Great strategy
427,427,2020-09-14,4.6,Smooth execution
428,428,2021-05-11,2.2,Strong logic
429,429,2025-03-08,6.3,Nice detail
430,430,2022-04-30,8.8,Good progress
431,431,2021-06-11,4.9,Cool trick
432,432,2024-02-04,8.2,Smart choice
433,433,2025-01-07,5.9,Quick response
434,434,2024-08-12,6.6,Smart choice
435,435,2023-08-12,1.4,Confident answer
436,436,2022-01-07,8.9,Smart move
437,437,2020-08-28,8.6,Awesome job
438,438,2023-11-10,8.7,Superb thinking
439,439,2021-06-16,7.5,Impressive skills
440,440,2022-06-28,3.6,Strong start
441,441,2022-02-08,8.0,Great timing
442,442,2025-02-13,9.6,Smooth execution
443,443,2021-07-13,9.6,Nice thinking
444,444,2020-07-20,5.9,Excellent focus
445,445,2024-11-24,4.1,Superb thinking
446,446,2023-06-21,4.6,Good progress
447,447,2023-07-29,3.5,Well done
448,448,2021-12-18,4.3,Amazing progress
449,449,2020-08-25,3.7,Solid answer
450,450,2023-08-31,4.1,Clear vision
451,451,2022-10-19,4.0,Clear logic
452,452,2022-03-17,6.5,Super result
453,453,2021-07-04,5.6,Clear vision
454,454,2022-08-13,2.9,Strong logic
455,455,2024-11-27,1.6,Well structured
456,456,2024-07-11,7.0,Strong logic
457,457,2020-09-29,4.0,Great strategy
458,458,2024-09-16,2.7,Smart move
459,459,2020-09-24,4.9,Clean code
460,460,2021-12-10,1.3,Top quality
461,461,2024-03-28,7.4,Perfect timing
462,462,2022-02-27,9.6,Sharp mind
463,463,2024-03-21,5.1,Great timing
464,464,2023-03-23,9.8,Careful planning
465,465,2023-01-11,6.0,Careful planning
466,466,2021-01-12,3.4,Nice thinking
467,467,2024-01-12,3.5,Strong start
468,468,2023-08-29,4.6,Sharp mind
469,469,2022-12-19,5.2,Clear vision
470,470,2021-09-19,7.7,Impressive skills
471,471,2024-10-05,8.2,Great job
472,472,2024-11-08,2.3,Clear logic
473,473,2024-11-24,5.1,Strong start
474,474,2022-04-19,8.6,Quick response
475,475,2022-12-01,9.3,Smart move
476,476,2020-05-23,1.6,Solid answer
477,477,2022-07-15,5.8,Nice effort
478,478,2024-05-24,9.0,Good thinking
479,479,2022-03-20,2.4,Brilliant work
480,480,2022-04-17,1.5,Elegant code
481,481,2020-05-22,5.6,Good progress
482,482,2023-10-03,8.1,Great job
483,483,2022-10-22,9.5,Super result
484,484,2023-04-24,5.7,Cool trick
485,485,2022-06-01,3.9,Strong logic
486,486,2023-04-30,1.4,Well done
487,487,2020-08-02,2.5,Superb thinking
488,488,2022-09-09,7.1,Smart move
489,489,2024-06-28,7.4,Fast learner
490,490,2024-03-17,3.0,Fast learner
491,491,2021-08-04,5.7,Fast learner
492,492,2023-05-11,5.0,Good thinking
493,493,2024-12-23,5.8,Strong start
494,494,2024-08-04,1.2,Top quality
495,495,2024-08-28,7.3,Fast learner
496,496,2024-03-19,1.6,Nice effort
497,497,2020-12-23,3.0,Strong start
498,498,2024-01-25,2.4,Awesome job
499,499,2024-10-21,2.2,Brilliant idea
500,500,2023-08-12,1.2,Impressive skills
501,501,2024-10-27,5.5,Nice effort
502,502,2024-02-18,1.1,Awesome job
503,503,2021-10-08,9.5,Great focus
504,504,2021-10-01,2.4,Great strategy
505,505,2020-05-23,6.3,Impressive skills
506,506,2022-06-22,9.1,Great timing
507,507,2023-06-22,4.1,Creative idea
508,508,2021-09-21,2.7,Smart move
509,509,2022-08-14,4.5,Perfect timing
510,510,2024-06-20,6.1,Elegant code
511,511,2023-04-23,9.5,Elegant code
512,512,2024-07-29,8.3,Superb thinking
513,513,2021-04-03,2.6,Top quality
514,514,2024-04-08,6.6,Solid answer
515,515,2021-03-03,1.6,Cool trick
516,516,2024-11-17,5.1,Great job
517,517,2022-08-15,1.3,Superb thinking
518,518,2021-05-18,9.2,Brilliant idea
519,519,2022-05-31,6.1,Great job
520,520,2021-08-04,5.1,Superb thinking
521,521,2022-10-20,8.4,Good progress
522,522,2021-10-07,1.3,Thoughtful approach
523,523,2023-06-26,4.5,Careful planning
524,524,2023-04-14,4.3,Good progress
525,525,2022-12-08,1.8,Very good
526,526,2020-12-09,1.6,Good intuition
527,527,2021-12-07,5.3,Great timing
528,528,2022-08-11,9.9,Awesome job
529,529,2025-02-21,7.4,Great focus
530,530,2021-12-08,1.7,Clear logic
531,531,2022-02-05,3.9,Clear logic
532,532,2024-06-27,3.7,Brilliant work
533,533,2023-10-23,4.3,Brilliant work
534,534,2021-03-01,5.5,Amazing progress
535,535,2024-11-24,6.3,Fast learner
536,536,2020-08-19,6.0,Careful planning
537,537,2025-03-15,9.2,Superb thinking
538,538,2022-12-27,8.4,Great insight
539,539,2021-12-29,3.6,Precise work
540,540,2023-03-13,8.0,Great focus
541,541,2024-10-20,8.9,Impressive skills
542,542,2024-10-31,9.4,Sharp mind
543,543,2024-07-31,2.4,Nice thinking
544,544,2021-08-27,7.6,Good progress
545,545,2020-12-23,6.8,Awesome job
546,546,2022-06-22,7.8,Skilled work
547,547,2023-12-03,2.7,Quick response
548,548,2022-05-21,3.0,Very good
549,549,2024-07-13,6.4,Brilliant idea
550,550,2024-08-11,5.9,Clean code
551,551,2021-09-08,2.2,Great timing
552,552,2021-01-23,5.3,Very good
553,553,2024-07-27,5.2,Solid answer
554,554,2020-06-22,4.4,Creative idea
555,555,2023-05-18,4.1,Super result
556,556,2024-09-14,2.3,Super result
557,557,2023-01-13,8.6,Precise work
558,558,2021-12-22,6.2,Precise work
559,559,2020-07-09,1.5,Skilled work
560,560,2023-05-12,9.8,Good thinking
561,561,2023-07-30,7.3,Awesome job
562,562,2022-04-17,9.1,Skilled work
563,563,2021-11-21,1.4,Fine improvement
564,564,2022-05-09,5.1,Clear logic
565,565,2021-01-19,6.3,Precise work
566,566,2022-12-04,6.2,Brilliant work
567,567,2021-05-10,4.0,Well done
568,568,2020-08-26,8.4,Amazing effort
569,569,2021-05-11,1.6,Smooth execution
570,570,2023-04-07,4.7,Quick response
571,571,2024-05-10,9.3,Skilled work
572,572,2024-08-05,5.1,Super result
573,573,2022-07-27,9.1,Strong start
574,574,2023-07-16,1.5,Great focus
575,575,2022-06-15,9.0,Confident answer
576,576,2022-05-21,6.2,Brilliant idea
577,577,2021-10-02,4.7,Very good
578,578,2024-06-04,4.8,Cool trick
579,579,2022-10-05,4.5,Amazing progress
580,580,2024-09-14,2.9,Strong start
581,581,2020-06-21,7.5,Nice thinking
582,582,2023-11-23,1.5,Careful planning
583,583,2022-03-24,6.3,Superb thinking
584,584,2022-04-09,5.7,Awesome job
585,585,2025-03-04,3.0,Amazing effort
586,586,2023-10-22,2.7,Careful planning
587,587,2021-03-12,1.9,Nice effort
588,588,2024-01-02,9.9,Smart move
589,589,2022-10-30,9.5,Confident answer
590,590,2025-04-06,9.4,Thoughtful approach
591,591,2023-11-22,7.2,Great job
592,592,2024-11-15,6.8,Precise work
593,593,2023-06-20,5.1,Impressive skills
594,594,2024-08-17,6.4,Great strategy
595,595,2022-05-02,6.6,Great insight
596,596,2024-06-04,7.2,Strong start
597,597,2022-06-04,9.1,Brilliant idea
598,598,2020-05-29,6.2,Brilliant idea
599,599,2025-02-04,8.2,Smooth execution
600,600,2024-10-20,6.6,Amazing progress
601,601,2023-10-02,4.8,Excellent work
602,602,2021-05-07,5.2,Amazing progress
603,603,2020-05-20,3.2,Brilliant work
604,604,2021-06-09,9.6,Strong logic
605,605,2021-05-18,3.7,Great job
606,606,2022-08-06,7.8,Excellent focus
607,607,2024-02-16,3.9,Great job
608,608,2021-11-05,3.8,Brilliant work
609,609,2024-10-23,7.9,Cool trick
610,610,2023-02-27,6.5,Awesome job
611,611,2023-06-18,8.9,Perfect timing
612,612,2022-10-31,1.8,Super result
613,613,2020-12-05,8.5,Solid answer
614,614,2021-08-17,2.6,Nice detail
615,615,2020-09-25,5.4,Elegant code
616,616,2021-07-04,2.9,Top quality
617,617,2023-07-12,7.8,Excellent work
618,618,2025-01-27,9.5,Awesome job
619,619,2021-05-22,9.9,Excellent focus
620,620,2021-05-20,4.1,Great strategy
621,621,2022-03-15,2.5,Excellent work
622,622,2022-07-10,7.8,Good thinking
623,623,2023-07-22,2.5,Amazing progress
624,624,2022-04-19,2.0,Careful planning
625,625,2022-09-27,1.8,Great job
626,626,2024-06-11,8.2,Cool trick
627,627,2020-06-20,1.5,Strong logic
628,628,2021-02-16,7.9,Brilliant idea
629,629,2024-08-05,3.1,Brilliant work
630,630,2023-05-24,1.2,Quick response
631,631,2020-06-03,1.6,Strong start
632,632,2021-11-01,7.0,Sharp mind
633,633,2025-03-30,3.9,Fast learner
634,634,2022-10-13,4.1,Fine improvement
635,635,2024-06-09,6.9,Thoughtful approach
636,636,2021-05-12,8.8,Well structured
637,637,2022-10-01,5.4,Clear logic
638,638,2022-03-08,3.3,Excellent work
639,639,2022-05-05,7.0,Clean code
640,640,2020-12-14,3.4,Confident answer
641,641,2024-10-20,9.1,Smooth execution
642,642,2020-09-14,3.9,Skilled work
643,643,2023-01-31,5.2,Solid answer
644,644,2024-10-05,3.1,Nice detail
645,645,2021-03-26,1.1,Clear vision
646,646,2020-12-14,2.7,Fine improvement
647,647,2021-09-25,7.9,Bold step
648,648,2021-11-18,7.8,Strong start
649,649,2022-01-28,9.5,Clear vision
650,650,2023-09-04,8.3,Careful planning
651,651,2023-04-06,9.2,Sharp mind
652,652,2024-03-23,4.8,Fast learner
653,653,2022-02-26,9.9,Strong logic
654,654,2020-09-18,5.5,Clean code
655,655,2025-02-21,1.8,Well structured
656,656,2022-07-04,5.2,Nice thinking
657,657,2021-03-23,7.3,Well structured
658,658,2021-07-25,5.0,Great timing
659,659,2022-12-29,5.7,Nice thinking
660,660,2023-08-31,1.2,Thoughtful approach
661,661,2023-10-22,6.3,Smart choice
662,662,2025-01-30,8.6,Nice thinking
663,663,2021-03-27,4.7,Good thinking
664,664,2024-05-20,6.4,Great timing
665,665,2024-10-27,4.5,Bold step
666,666,2024-02-27,4.0,Impressive skills
667,667,2022-08-27,8.5,Precise work
668,668,2021-08-01,3.8,Cool trick
669,669,2024-12-01,2.9,Smooth execution
670,670,2020-08-13,8.1,Amazing progress
671,671,2021-05-21,3.3,Nice effort
672,672,2020-05-07,5.4,Nice thinking
673,673,2021-09-20,4.8,Excellent focus
674,674,2023-10-13,4.7,Top quality
675,675,2023-04-22,2.0,Quick response
676,676,2020-07-02,8.1,Quick response
677,677,2023-12-11,9.2,Awesome job
678,678,2022-08-05,8.5,Great timing
679,679,2023-07-11,8.3,Solid answer
680,680,2020-07-19,6.5,Excellent focus
681,681,2024-07-02,4.2,Nice detail
682,682,2021-03-30,5.2,Brilliant work
683,683,2024-05-01,9.3,Clear vision
684,684,2023-12-25,8.2,Strong logic
685,685,2020-12-02,7.9,Awesome job
686,686,2024-09-20,9.9,Great timing
687,687,2024-07-11,2.1,Very good
688,688,2024-06-07,5.2,Elegant code
689,689,2020-10-30,7.9,Smooth execution
690,690,2023-04-17,4.2,Superb thinking
691,691,2022-06-10,3.4,Skilled work
692,692,2024-06-10,8.0,Cool trick
693,693,2020-12-10,4.5,Excellent focus
694,694,2023-10-03,8.8,Smooth execution
695,695,2023-04-06,7.0,Very good
696,696,2022-10-19,6.0,Amazing progress
697,697,2021-02-11,1.5,Great focus
698,698,2021-05-27,1.7,Clean code
699,699,2024-03-21,6.9,Quick response
700,700,2022-05-25,8.5,Bold step
701,701,2024-01-26,7.7,Sharp mind
702,702,2021-05-28,3.8,Strong start
703,703,2020-12-19,4.2,Creative idea
704,704,2021-07-19,3.8,Excellent work
705,705,2025-02-22,9.1,Great insight
706,706,2024-09-06,2.5,Cool trick
707,707,2024-10-11,1.5,Neat solution
708,708,2023-04-30,8.4,Clear vision
709,709,2023-04-22,5.5,Smart move
710,710,2023-06-04,1.6,Brilliant idea
711,711,2021-11-28,3.9,Solid answer
712,712,2022-06-08,4.5,Great focus
713,713,2021-04-01,6.2,Awesome job
714,714,2021-12-13,5.0,Excellent focus
715,715,2022-09-29,6.8,Great timing
716,716,2023-02-21,1.9,Good intuition
717,717,2023-01-20,3.1,Fast learner
718,718,2024-03-24,2.9,Creative idea
719,719,2021-11-02,7.7,Excellent focus
720,720,2024-02-26,4.1,Excellent focus
721,721,2024-06-12,8.2,Superb thinking
722,722,2024-05-14,6.2,Sharp mind
723,723,2020-07-14,7.6,Smooth execution
724,724,2022-10-03,8.7,Good intuition
725,725,2022-07-25,4.8,Super result
726,726,2023-03-19,8.4,Excellent work
727,727,2024-01-21,3.8,Well structured
728,728,2024-08-17,8.5,Awesome job
729,729,2024-04-04,8.3,Excellent work
730,730,2023-03-21,8.7,Well structured
731,731,2022-10-03,9.0,Clever trick
732,732,2023-05-19,5.2,Fast learner
733,733,2022-03-25,4.7,Fine improvement
734,734,2021-07-30,3.4,Clever trick
735,735,2020-10-09,3.5,Strong logic
736,736,2021-08-22,7.5,Thoughtful approach
737,737,2022-07-31,5.1,Precise work
738,738,2023-03-30,4.9,Fine improvement
739,739,2024-07-03,7.6,Impressive skills
740,740,2022-08-24,5.8,Well done
741,741,2020-06-11,4.9,Smooth execution
742,742,2022-03-30,7.4,Very good
743,743,2020-06-17,5.6,Clear logic
744,744,2023-01-02,7.6,Clean code
745,745,2022-12-16,6.9,Bold step
746,746,2021-01-28,6.2,Impressive skills
747,747,2021-09-18,6.8,Great focus
748,748,2021-08-18,6.5,Very good
749,749,2022-04-20,4.9,Precise work
750,750,2022-07-03,5.5,Excellent work
751,751,2022-09-26,4.2,Brilliant idea
752,752,2021-01-09,6.1,Nice effort
753,753,2025-04-24,9.1,Well done
754,754,2024-10-21,2.2,Well structured
755,755,2025-02-20,3.0,Clever trick
756,756,2022-01-29,7.8,Bold step
757,757,2024-12-09,4.8,Strong start
758,758,2023-03-31,4.9,Nice effort
759,759,2022-06-20,3.2,Perfect timing
760,760,2023-10-06,3.9,Skilled work
761,761,2020-09-28,7.1,Skilled work
762,762,2022-06-29,6.4,Smart choice
763,763,2020-06-12,7.2,Precise work
764,764,2023-01-30,3.8,Superb thinking
765,765,2024-11-05,8.2,Super result
766,766,2021-08-05,5.9,Superb thinking
767,767,2023-09-27,4.1,Skilled work
768,768,2021-10-14,8.1,Skilled work
769,769,2020-08-24,8.3,Amazing progress
770,770,2022-02-19,6.7,Fast learner
771,771,2023-01-15,8.8,Clear vision
772,772,2022-04-21,2.8,Super result
773,773,2023-01-09,7.3,Smart choice
774,774,2021-11-08,5.9,Precise work
775,775,2024-02-19,7.8,Great focus
776,776,2023-12-09,5.4,Confident answer
777,777,2023-11-11,6.1,Good thinking
778,778,2022-01-25,6.7,Nice effort
779,779,2021-02-02,6.8,Careful planning
780,780,2021-05-27,7.1,Impressive skills
781,781,2022-12-21,4.7,Creative idea
782,782,2021-05-12,4.8,Thoughtful approach
783,783,2021-10-19,9.8,Great strategy
784,784,2021-12-07,7.4,Solid answer
785,785,2021-11-25,2.5,Superb thinking
786,786,2022-08-16,4.7,Impressive skills
787,787,2024-05-12,6.8,Confident answer
788,788,2020-06-25,3.2,Top quality
789,789,2023-02-18,3.8,Excellent work
790,790,2021-03-28,9.5,Good progress
791,791,2022-02-21,5.0,Good progress
792,792,2022-01-29,5.0,Nice effort
793,793,2023-05-28,8.1,Skilled work
794,794,2023-11-27,7.4,Quick response
795,795,2021-04-26,4.2,Strong start
796,796,2025-04-21,4.7,Excellent work
797,797,2023-09-12,1.5,Great job
798,798,2025-04-12,7.4,Strong start
799,799,2021-12-10,7.7,Nice thinking
800,800,2024-11-05,1.7,Amazing effort
