CreatorID,Content_CreatorFullName,BirthDate,Country,IsActive,JoinDate,AgentID
314716070,Helen-elizabeth Barracks,4/6/2017,Thailand,false,8/1/2024,8817
332352562,Bert Cheson,12/9/2024,Argentina,true,5/17/2023,338
237834785,Aldric Lording,4/26/2021,Indonesia,false,6/29/2023,4807
394483969,Bambie Frensch,8/9/2012,Indonesia,true,6/23/2014,6483
339076214,Magdalen Arch,10/8/2016,Indonesia,false,5/2/2020,494
234601230,Levi Nevill,4/7/2015,China,false,11/20/2014,492
221198309,Dena Burnel,11/4/2022,Poland,true,12/23/2022,8295
374135862,Diane Syratt,9/13/2018,Philippines,true,11/24/2017,66442
360767813,Moise Wraighte,10/6/2017,Albania,false,4/11/2019,53
211671334,Noak Canelas,3/24/2020,China,true,4/30/2012,5579
233317009,Reba Friedman,12/18/2012,Russia,false,3/26/2015,1999
266228025,Dela McCrow,12/15/2019,Tanzania,true,3/24/2018,260
246086187,Bidget Charrette,9/17/2017,Albania,false,1/9/2022,7247
395807251,Fredric Gillise,3/8/2020,Vietnam,true,9/28/2024,52071
299352674,Pietra Francescozzi,12/3/2017,China,false,6/7/2012,4
357209583,Bernita Gurry,4/17/2025,Lebanon,true,10/19/2020,01
264455495,Edouard Condy,9/5/2016,China,false,2/19/2019,6
332992481,Hollyanne Fiander,12/31/2019,Indonesia,false,3/3/2014,330
282129710,Dominik Firmager,4/16/2023,China,true,9/13/2024,41
347753448,Kim Casham,7/4/2016,United States,false,9/3/2020,88
278033667,Taddeusz Binion,7/25/2019,Finland,true,10/28/2024,53604
212502882,Brietta Cowans,7/21/2018,Indonesia,true,4/29/2019,4
261836491,Ives Thorlby,7/13/2020,Brazil,true,1/21/2015,2
399461397,Darcie Adnett,6/18/2016,Russia,true,3/20/2016,2
295166224,Consalve Dummigan,11/2/2023,Indonesia,false,12/4/2013,3861
312908237,Eryn Fairbrass,3/10/2024,Indonesia,true,8/9/2021,7
390618149,Shepherd Melchior,8/13/2016,Indonesia,false,7/26/2016,4
229534343,Judy Liveing,6/19/2015,China,true,3/4/2025,623
291934311,Lisetta Mac Geaney,7/22/2020,Belarus,false,1/24/2023,8
349645431,Barry Wheway,4/22/2013,Argentina,false,5/22/2020,8670
301470872,Chick Bromet,5/5/2014,Portugal,false,7/19/2021,6
352327950,Micheline Eicheler,3/4/2021,Portugal,false,10/16/2019,249
326800225,Constancy Corselles,12/20/2022,Japan,true,5/4/2014,10
345173094,Deck Bratton,10/26/2012,Czech Republic,false,1/14/2014,9940
378867118,Estelle Glison,4/13/2023,Philippines,true,12/25/2021,584
248198410,Jeanna Poynor,10/19/2014,Iran,false,12/25/2012,30
370887625,Deeann Meece,5/20/2013,Poland,false,12/22/2017,879
364805390,Shauna Wortley,8/28/2021,Brazil,false,4/15/2013,58
242262919,Gail Hamblington,11/17/2019,Mexico,true,7/21/2021,201
259679668,Annadiana Stollmeier,7/29/2023,Comoros,true,4/8/2016,354
285234507,Kora Konzel,5/17/2023,Poland,false,6/23/2013,92242
230046254,Jonathan Macquire,3/7/2025,Poland,true,4/1/2014,30506
215273959,Claretta Donaway,10/7/2023,Finland,true,1/24/2016,41
343298011,Konstanze Ickov,5/12/2018,China,false,11/14/2015,205
319400825,Bryan Crosse,8/3/2017,China,false,8/14/2024,80
301129279,Jennica Bedbrough,8/4/2021,Honduras,false,2/5/2023,31
381006410,Trescha Mc Comb,4/15/2021,Russia,true,4/20/2024,85
344987812,Jocelyne Woodyer,12/10/2015,France,true,2/21/2018,693
234706541,Adriena Ick,6/4/2012,Thailand,false,5/26/2020,342
299579213,Leilah Winterflood,3/8/2023,France,true,7/28/2020,33913
337226476,Cathi Walklett,10/21/2014,Indonesia,true,12/5/2016,3
346862645,Moll Boow,2/7/2020,Brazil,true,5/31/2012,033
331026302,Sutherlan Leggate,3/14/2013,Philippines,true,7/16/2016,732
318350693,Steward Slocomb,8/28/2012,Tanzania,true,4/27/2016,822
349507608,Vita Pringell,10/7/2019,Russia,false,9/8/2015,7019
279124647,Brit Doxey,4/10/2024,China,true,7/12/2018,15921
317451699,Mic Kilpatrick,11/8/2018,Philippines,true,1/27/2020,51
290864632,Humfrey Alger,5/7/2012,Indonesia,false,2/12/2014,3
344190277,Conny Nortunen,10/2/2021,Philippines,false,1/6/2017,44
336419152,Maxy Skough,4/10/2020,Italy,true,4/1/2024,1
364408686,Tobey Annandale,3/29/2015,Indonesia,true,1/9/2013,06
387701708,Meryl Saura,12/25/2014,Thailand,true,9/19/2020,705
307988901,Charil Brookes,2/28/2020,Indonesia,false,3/6/2021,91245
324834647,Tami Blenkiron,10/27/2024,Portugal,true,11/12/2016,5
370287631,Gradey Gipp,2/5/2018,Japan,false,5/12/2013,3472
277943301,Victoir Cowmeadow,2/14/2025,Sweden,true,5/2/2017,9
378419598,Maryl Nason,3/5/2025,China,false,3/1/2017,0
208114916,Leland Haggie,1/11/2023,Australia,true,5/13/2012,3553
318954205,Germaine McClinton,7/5/2022,Antigua and Barbuda,false,9/24/2012,86
277510437,Idell Vater,6/11/2018,Greece,true,4/21/2016,68489
312601846,Dennie Amoss,12/19/2018,Greece,true,6/20/2022,61
281887206,Kaja Karpinski,10/19/2020,Brazil,false,11/11/2024,33
269011289,Avery Bools,6/28/2015,Russia,false,1/17/2016,982
289079287,Adina Showers,8/6/2019,Brazil,true,10/6/2018,0231
338079426,Sayre Dullingham,9/14/2020,Philippines,true,5/10/2014,2
346747686,Jackie Breed,3/29/2019,Canada,false,6/27/2024,496
257013731,Uta Dunderdale,5/20/2016,Lithuania,false,2/24/2018,32
292834046,Elva Sparkes,9/6/2014,Norway,true,6/11/2024,17
394098809,Sherry Fibbit,9/18/2013,Sweden,true,3/23/2014,7
335830920,Ethe Raulston,8/27/2023,Chile,false,2/10/2022,210
356311365,Beverly Molesworth,11/3/2013,New Zealand,true,2/13/2017,8
220604497,Silvana Postians,2/25/2025,Philippines,false,11/1/2021,2297
227989603,Shermie Raatz,5/13/2013,China,false,7/2/2024,00
338701702,Ashlee Le febre,1/2/2022,Indonesia,true,5/8/2019,33027
238053272,Anatole O'Hickee,5/31/2023,Thailand,false,6/14/2014,49
383024946,Mylo Cristofvao,10/4/2015,China,true,3/10/2016,1
223554775,Rosalie Blockley,6/19/2022,United States,true,4/9/2022,819
396858229,Gizela Nalder,1/3/2025,China,false,3/4/2019,25
371586172,Kalinda Lowndes,2/27/2017,France,true,5/10/2023,209
220251567,Huberto Scrase,5/22/2024,Brazil,false,8/20/2019,8590
215941297,Freeman Twede,7/19/2020,Colombia,true,1/2/2023,00013
278069715,Ninette Elan,9/22/2021,Poland,true,2/3/2019,84663
379670115,Rog Kenwin,11/29/2015,Tanzania,false,11/5/2021,98597
395404985,Thaddus Lodder,5/31/2019,Malaysia,false,12/7/2017,35
286920084,Lew Sherel,6/22/2016,Cyprus,false,5/9/2013,677
258148122,Janie Radloff,10/20/2017,Poland,true,9/18/2018,526
235055614,Corine Musgrave,4/7/2020,Indonesia,false,10/29/2022,8
365478285,Tallie Knutton,7/11/2012,Czech Republic,true,3/3/2018,9
391399309,Dion Cridland,3/5/2013,Indonesia,false,10/4/2012,31385
237936365,Terrel Lembrick,10/21/2019,United States,true,10/24/2017,82430
315206651,Kiley Scotting,7/4/2020,Philippines,true,5/19/2014,65
316176027,Eldon FitzAlan,9/27/2024,Colombia,true,2/28/2023,863
217409280,Temp Graffham,4/14/2017,China,true,4/25/2012,23307
392393146,Kirstin Rosier,7/6/2017,Russia,true,7/25/2020,4
367458668,Janela Nore,8/8/2017,Poland,false,3/30/2017,67
339411987,Fabiano Jozwiak,12/25/2021,Belarus,false,11/16/2022,729
344216082,Linc Beels,5/20/2021,Russia,true,6/24/2013,3950
271712853,Stafford Charer,8/31/2024,Finland,true,12/3/2020,443
344844407,Cassaundra Frankham,5/6/2013,France,true,10/10/2014,7992
285460959,Pansy Bennetts,7/26/2013,Rwanda,false,4/22/2021,115
244404215,Corenda Huxley,7/22/2021,Russia,false,4/7/2013,9
280411991,Rodrick Dooler,4/18/2016,Russia,false,4/4/2013,685
344176232,Dot Tailby,5/23/2023,Serbia,true,4/28/2015,2
245349441,Obadiah Raubheim,11/20/2024,Kazakhstan,true,11/5/2017,61
356375848,Rhiamon Bontine,2/2/2017,Indonesia,false,8/16/2023,6
363940427,Duane Addinall,10/9/2017,Russia,true,11/1/2022,2573
267273982,Jdavie Wildbore,12/14/2024,Thailand,false,9/24/2014,4
292218813,Kinsley Tourner,7/6/2024,Philippines,true,6/15/2015,7
238475207,Wallache Doughtery,10/14/2023,China,true,11/1/2021,93779
229658913,Alida Corbitt,4/30/2018,Russia,false,4/15/2018,555
223674797,Salem Dussy,12/17/2022,China,true,5/8/2024,0756
301045109,Dilly Hutchence,4/15/2015,Philippines,false,12/21/2017,7970
390151025,Alfi Given,1/13/2024,China,true,3/6/2021,92
370999894,Rosemary Bransdon,3/10/2013,Iran,true,12/8/2016,5556
352481102,Fred Roseaman,5/27/2020,Spain,true,6/24/2020,23865
294953329,Susann Klarzynski,6/12/2012,France,false,11/25/2012,207
207280588,Gabi McCerery,2/16/2015,Dominican Republic,true,11/26/2012,8898
308989444,Renee Gove,7/20/2017,Thailand,false,4/5/2025,10260
257432501,Perrine Warnock,5/11/2023,Argentina,true,9/8/2022,8752
317064464,Archaimbaud Crane,12/5/2017,Philippines,false,2/15/2013,1726
234024957,Anders Guillou,10/12/2019,Albania,true,10/2/2018,4
318843257,Tiffany Abramovici,7/11/2015,Rwanda,false,1/23/2022,5
249188488,Fredra Clappison,7/24/2020,Brazil,false,7/14/2016,53545
348084690,Lefty Meysham,1/27/2019,Iran,false,1/28/2013,511
250175169,Erin Manuel,12/24/2015,Thailand,false,1/2/2024,590
279864328,Goraud Goodband,6/17/2023,Poland,false,7/12/2017,084
215709116,Amalle Petz,7/28/2013,Sweden,true,8/1/2018,809
370152264,Toinette Lamort,3/3/2015,Sweden,true,8/20/2022,4309
393627971,Bessie Wardel,3/24/2017,China,true,4/23/2015,980
253145458,Johnna Bouchard,1/25/2020,China,true,10/15/2012,27
209748779,Pattin Gaddesby,12/9/2017,Japan,true,4/15/2020,1
361241237,Donn Dulany,2/6/2023,Ivory Coast,false,6/11/2023,71226
261325675,Conney Heinschke,8/9/2018,France,false,11/27/2014,2555
336268657,Mattie Womersley,4/21/2021,Croatia,false,1/26/2025,780
356133278,Lisetta Teodorski,8/31/2017,Canada,false,1/31/2021,88
300911643,Anetta Nafziger,12/4/2020,Portugal,true,8/9/2019,2571
283704917,Gery Whebell,5/21/2024,Kyrgyzstan,true,7/21/2023,592
202594616,Aeriela Schach,11/4/2021,Ukraine,true,5/18/2022,184
321035928,Whitby Lundberg,5/19/2022,United States,true,12/22/2015,971
276203648,Rolph Howgego,2/17/2024,Kosovo,false,4/26/2023,6
337143973,Lemmy Maren,10/19/2021,Russia,true,10/31/2018,48
329207511,Katrina Cage,12/5/2018,Czech Republic,true,2/19/2020,2844
215334409,Constantine Sjostrom,2/22/2015,Greece,false,3/6/2016,1
201783207,Sylvia Abbey,9/8/2021,Ecuador,false,8/20/2016,00
356481068,Guy Isaacson,10/9/2016,China,true,7/7/2023,7
266492604,Roselia Amy,9/1/2021,Brazil,true,1/17/2023,28
373875587,Hamel Babonau,3/10/2017,Syria,false,6/17/2022,78
241427232,Oralee Spendlove,3/27/2023,Sweden,false,1/1/2018,6
247503003,Yvor Kretschmer,5/25/2014,Argentina,false,12/16/2015,64418
281857245,Temple Birchill,8/30/2015,Azerbaijan,true,11/6/2019,7894
287169784,Rowland Coombes,1/3/2025,Indonesia,false,9/28/2023,566
253157826,Missy Greenman,10/19/2013,Indonesia,false,5/7/2019,0716
236598436,Kris MacNally,9/29/2021,Germany,false,9/1/2019,60
340594319,Elvin Krzyzanowski,2/4/2016,Slovenia,false,6/17/2018,0524
360721533,Durante Giacopini,5/29/2022,Indonesia,false,8/15/2021,34
354981708,Lissie Stubbes,3/31/2014,Sri Lanka,true,3/28/2016,4
374792397,Dietrich Dragge,6/5/2020,Portugal,false,5/5/2012,0
384678055,Orelee Inglish,12/24/2016,Egypt,false,5/8/2020,35267
333232470,Alexis Jeaycock,5/2/2020,China,true,9/1/2017,89
391225363,Fredra Waliszewski,11/30/2016,Russia,false,12/3/2021,5324
363550215,Hinda Fausch,1/9/2025,China,true,5/26/2017,6236
224113193,Aubry Eric,1/20/2018,Philippines,false,1/1/2021,462
298826131,Aurora Thurman,4/1/2024,Pakistan,false,7/22/2015,2
295629255,Maureen Donizeau,8/25/2018,Brazil,true,9/25/2021,9
216266780,Burk Patriche,4/13/2015,Canada,false,7/15/2016,96498
307647920,Hew MacAllaster,2/2/2017,Philippines,false,7/12/2015,06817
315773567,Poppy Gravey,9/18/2024,China,true,3/5/2019,6
341447616,Terese Skettles,10/10/2021,Brazil,true,9/9/2015,1611
314611687,Mikey Biggins,4/22/2013,Tanzania,false,9/18/2022,7
257605789,Hayden Withnall,12/12/2014,China,false,4/22/2012,289
266001055,Alvin Lenden,8/22/2019,China,false,4/13/2014,2998
375950653,Deina Pasmore,7/15/2023,China,true,12/19/2015,78
398595538,Eunice Husband,6/30/2017,Greece,false,12/22/2016,0
211730868,Sherye McVrone,3/8/2017,China,true,6/5/2017,295
389224382,Fred Thomason,5/28/2018,Philippines,false,9/12/2016,71
241473462,Sheba McPhate,1/22/2020,Russia,true,9/21/2014,073
227552706,Reynolds Tester,8/31/2013,China,true,10/11/2012,489
229949219,Petra Strettell,11/23/2021,Philippines,true,6/26/2023,6598
354403885,Kassia Reville,11/4/2014,Uganda,true,6/14/2012,5
299773807,Gordan Taunton.,4/14/2014,Brazil,false,8/6/2015,555
345132524,Callida Karpe,12/29/2022,Philippines,true,12/17/2020,2726
343892819,Gillie Folland,8/26/2014,Indonesia,false,4/2/2017,273
367821413,Davin Gathercoal,11/24/2015,Czech Republic,false,5/29/2022,27131
209279644,Salvador Christene,3/6/2017,Canada,true,5/13/2022,37631
315395663,Vevay Turmell,4/19/2016,Argentina,false,11/9/2014,8
379241362,Gussi Maggiori,1/31/2015,China,true,5/4/2013,5
205079691,Nora Hoggetts,7/31/2012,Ecuador,true,7/14/2018,97381
253178168,Casper Shawyers,10/14/2015,South Africa,true,1/19/2018,4833
238888254,Gerhard Gait,6/17/2020,China,false,6/27/2014,7
345837853,Langston Ollerhad,11/16/2023,Bulgaria,true,9/23/2022,2566
302698288,Cecil Lunn,6/11/2019,Indonesia,false,9/7/2022,3
243518802,Garth Mc Kellen,7/5/2019,Czech Republic,false,12/9/2014,59260
334088845,Jeana Sackes,6/24/2014,Brazil,false,4/20/2021,06
238175804,Blondy Fleischmann,5/30/2016,Greece,false,11/5/2013,3
261346835,Pavla Gierardi,7/31/2012,Canada,false,9/24/2012,4026
348905426,Brendin Fennelly,3/3/2018,United States,true,11/1/2015,565
228354640,Culver Espinay,11/12/2012,Argentina,true,9/15/2023,8274
364432654,Cathlene Shackesby,6/15/2020,Brazil,false,12/2/2019,1
347008791,Leilah Cardenoso,10/9/2020,China,false,11/2/2019,9
210406279,Michelina Dyett,2/25/2016,Hungary,true,2/12/2015,5639
362324748,Yancey Ferrettino,3/4/2020,Brazil,true,4/10/2022,9473
395628962,Agnese Moon,9/12/2019,Philippines,false,8/19/2017,26
212935384,Andy Dundin,2/6/2025,China,true,4/19/2021,671
323233905,Avrit Clampe,2/25/2013,Indonesia,true,11/13/2014,5
333775902,Dick Strainge,8/2/2015,Indonesia,false,9/13/2021,76720
263671630,Tam Caudrelier,4/17/2022,Argentina,true,12/19/2018,0414
327565876,Regan Hailey,11/21/2017,Thailand,true,2/26/2013,68065
233896463,Gustie Stellino,7/21/2024,Canada,false,12/23/2020,46850
273593894,Kizzee Garroway,10/13/2019,Sweden,false,4/26/2016,16
257823653,Dwain Rosen,2/21/2020,United States,true,1/9/2017,9
248927450,Daisey Peckitt,11/7/2024,Armenia,false,8/4/2021,4039
313386737,Hayes Balnave,8/18/2023,Philippines,true,7/1/2024,3
322234582,Fara Heaven,6/2/2023,China,false,10/3/2012,024
237377849,Eyde Nutbean,4/2/2015,Czech Republic,false,11/12/2015,11427
255515985,Eadie Teaz,9/10/2018,China,true,8/25/2017,44
358475683,Maure de Guise,6/17/2017,Indonesia,false,4/1/2022,9816
229453302,Carr Abrahams,2/3/2015,Honduras,true,4/26/2019,3
205993015,Sonnnie Briton,12/1/2019,Brazil,false,9/6/2019,2
341417767,Ulick Keat,1/14/2020,France,false,9/30/2016,9
287900848,Devon Chislett,8/31/2013,United States,false,11/15/2018,113
317743129,Randall Defty,8/19/2023,China,false,5/20/2022,3258
300995635,Niven Hamlyn,5/26/2016,China,true,8/21/2023,63844
310171921,Timmi Ruben,2/22/2017,China,false,2/10/2024,92
314486353,Moritz Goldson,10/1/2013,Philippines,false,9/24/2016,91004
273529249,Olympie Schottli,2/13/2025,Indonesia,true,11/16/2012,27599
276554857,Bonnee Crawshaw,1/10/2014,Tanzania,true,1/17/2013,3
268554760,Vyky Fitzpatrick,4/10/2022,Brazil,false,1/19/2017,7
356160215,Rosabelle Spillane,12/9/2020,Mexico,true,10/3/2024,42058
387655447,Karleen Quilligan,2/10/2017,China,false,10/4/2022,23
230854281,Rafaelita Bullant,6/14/2017,Serbia,true,7/14/2019,9
253259008,Arni Sherrocks,12/11/2023,Indonesia,false,7/5/2023,73860
319990413,Noel Terris,12/21/2023,China,true,1/23/2025,9443
254025764,Marylou Mangenet,1/17/2016,Greece,true,6/6/2022,755
374784582,Lolly Retallack,11/28/2019,Sweden,true,5/2/2021,301
271964009,Elbert Roizin,2/19/2021,China,false,1/20/2021,586
208607840,Rochell Dovidian,9/1/2012,Latvia,false,4/26/2024,68
261303823,Madlen Dondon,7/24/2021,Russia,false,9/22/2012,402
350197710,Natal Krimmer,4/4/2023,Russia,true,2/2/2018,00
383207837,Melony Hinstock,2/13/2025,Poland,true,6/30/2024,81
365812073,Marcellina Allinson,2/16/2022,Georgia,false,12/19/2019,5295
309705782,Felicia Trevain,10/20/2020,Indonesia,false,9/3/2016,5988
375079125,Alvie Brookwell,6/26/2016,Czech Republic,false,2/29/2016,9824
271946151,Celestina Fruish,9/19/2022,Poland,true,3/7/2014,33798
295796951,Ingaborg Jest,11/2/2018,China,true,8/29/2021,0367
229152359,Liuka Kabos,8/3/2021,Poland,false,2/15/2018,60410
298192814,Charlotte Mountain,12/15/2016,China,true,8/29/2024,2
220655752,Corene Seaborne,7/30/2023,Philippines,true,2/1/2020,86
378658578,Lilian Warnes,3/12/2025,Egypt,false,8/29/2021,0
345063365,Alverta Ropp,4/8/2025,Greece,true,9/18/2021,81041
224349713,Willis Emanuelli,2/9/2020,Thailand,false,10/26/2024,87
242600903,Alard Adamowicz,10/2/2021,Philippines,false,8/9/2014,72
349892225,Rafferty Adess,9/7/2013,Sweden,false,8/21/2012,49
238192545,Tobiah Teague,1/9/2021,Brazil,true,7/28/2024,71626
396957424,Myriam Cumpton,9/29/2016,Somalia,true,2/26/2016,89197
393849728,Trixy Gentery,1/28/2014,Indonesia,true,6/1/2016,93
246798267,Esra Allsopp,4/21/2019,Philippines,false,6/11/2022,8
286014158,Liuka Henrique,8/25/2020,Poland,true,7/8/2023,09
307132913,Jarvis Kerton,1/3/2022,Venezuela,false,12/13/2015,8818
337058563,Aldin Shrieves,2/22/2015,Indonesia,false,2/5/2024,12
399473811,Gabey Ramsdell,3/4/2024,China,false,10/9/2016,64
258669012,Herbert Graundisson,3/17/2014,Yemen,false,2/28/2018,28086
354142475,Amos Feares,7/6/2023,Brazil,true,5/25/2023,441
397460014,Gus Illingsworth,11/10/2016,Indonesia,false,5/19/2022,23
346654941,Agna Binfield,3/4/2019,Russia,true,5/9/2017,2150
362481624,Bank Ferrarini,12/28/2013,France,true,8/15/2024,28
250129439,Glen Rennles,8/21/2018,China,false,12/9/2017,4
340026815,Derick Josephy,8/13/2019,France,true,9/26/2019,80430
391514159,Konstance Rennix,7/23/2014,France,false,1/11/2013,2
329610252,Sunshine Glasspoole,8/19/2019,China,false,11/28/2019,36
344745653,Estrellita Monteith,1/26/2024,France,true,1/18/2025,40610
326057025,Ofilia Boolsen,7/10/2020,Russia,false,5/17/2024,3584
255767104,Dell Edbrooke,11/18/2015,China,true,12/28/2012,8
348723001,Tadeas Zanazzi,8/10/2022,France,true,1/22/2016,283
363612832,Nathanil Kitchingman,10/18/2018,Thailand,true,1/4/2021,4360
332630524,Marinna Proppers,9/13/2019,Indonesia,false,12/12/2020,228
327399905,Nobie Alanbrooke,9/23/2022,Portugal,false,3/28/2014,1
302244781,Doti Stuck,12/25/2014,Greece,false,12/17/2022,69050
288067975,Rorke Wulfinger,3/21/2018,Russia,true,4/12/2024,32695
287659982,Karlyn Boyn,9/2/2022,Indonesia,false,2/18/2025,8
382109079,Flossy Cullagh,9/9/2016,Papua New Guinea,true,3/22/2020,63
322010300,Carlin Davidovicz,5/17/2013,China,true,10/17/2019,0009
303810131,Kristian Jobling,12/15/2013,Indonesia,true,9/2/2012,1423
389268813,Frederigo Burges,5/13/2020,Czech Republic,true,12/31/2018,6
305425090,Norry O'Kenny,9/8/2015,Cuba,false,10/20/2014,22
287856931,Linea Tulloch,6/26/2015,Indonesia,true,7/26/2016,64882
391712239,Darb Mation,10/12/2013,Yemen,false,10/30/2012,2028
304804622,Rutledge Schmuhl,3/9/2013,Russia,true,7/23/2015,9
376691163,Derek Jiggens,12/31/2021,Mexico,true,12/29/2020,6143
214714659,Tracy Heinschke,12/20/2015,Ecuador,false,8/10/2015,49
224552054,Ode Danaher,5/2/2023,China,false,12/8/2015,11203
387441289,Nicko Oddey,1/16/2020,Azerbaijan,true,10/23/2018,3
352823769,Huntlee Jasiak,2/7/2022,China,false,7/19/2024,3
291464850,Ingelbert Matiebe,11/13/2019,Indonesia,true,7/31/2017,3
225991025,Linc Easby,8/18/2016,China,true,6/9/2019,91
224240717,Shay Ortzen,1/4/2024,Philippines,true,3/10/2022,78
256992066,Roderic Brugemann,8/3/2012,Russia,false,11/15/2020,58531
250371215,Willa Leavey,12/30/2016,Russia,true,10/27/2015,60
293361385,Andriette Naire,11/14/2024,Germany,true,11/6/2020,722
329292054,Ximenez Mordon,12/21/2023,Indonesia,false,7/22/2020,641
341313854,Roosevelt Daffey,8/9/2018,China,false,7/22/2020,413
303945183,Kalina Benoist,1/4/2014,Ukraine,true,8/31/2023,5
204435222,Tiebold Seagrave,10/27/2015,Cambodia,false,6/15/2023,3205
229452649,Lissa Alvin,12/30/2023,Iran,true,1/3/2014,85151
258486440,Lola Urien,2/14/2014,China,true,7/3/2012,56813
215382311,Virginie Bee,12/28/2017,Thailand,false,5/7/2012,035
250909230,Silvain FitzGeorge,7/14/2023,China,false,1/27/2025,39
307479037,Lorenzo Gorges,10/1/2018,Philippines,false,6/18/2023,2293
205706079,Peterus Aggas,3/24/2022,Indonesia,true,11/2/2014,4
272613419,Shena Tudor,3/13/2017,Russia,true,10/4/2022,51
324386882,Harrie Whitear,6/20/2022,China,true,9/12/2021,578
225911671,Tommy Sissel,6/26/2023,Sweden,true,12/18/2012,450
380241618,Jacob Mowbury,9/22/2018,Slovenia,false,7/19/2020,0
285402951,Nealon Burnsyde,12/23/2020,United States,false,9/27/2020,66
287168696,Lea Corthes,10/7/2024,Indonesia,true,5/22/2017,521
322844061,Abby Curzon,1/15/2022,Sweden,true,4/8/2018,168
225759312,Meredith Albone,11/7/2015,China,true,9/25/2021,42
395152922,Steffane Ratchford,2/22/2016,Philippines,false,12/15/2021,1
207981401,Rollie Cockshut,5/15/2018,Poland,true,10/31/2022,87
378297155,Walton Newlands,10/27/2013,Russia,true,7/3/2020,045
368959466,Poul Pitcaithley,11/4/2017,Germany,true,3/28/2022,9
350079307,Ilyse Riddett,7/25/2021,France,false,10/17/2020,84
257834083,Abagail Winspur,4/22/2014,Bulgaria,false,6/12/2018,9471
264702016,Teodoor Meddings,10/7/2019,Japan,false,2/28/2023,49212
255133698,Kata Corran,9/30/2012,Venezuela,false,10/4/2021,9119
240806670,Wallis Chilton,3/25/2025,Indonesia,false,6/6/2020,53390
251410595,Laney Begg,2/20/2023,Russia,false,6/10/2018,8008
356227561,Henrieta Shekle,3/23/2013,China,false,10/8/2018,502
227146865,Kristan Geall,7/7/2015,Philippines,false,2/1/2017,22225
244917527,Dorothee Gilardengo,12/4/2018,Russia,true,4/17/2016,7
262654562,Janel Krikorian,8/29/2013,China,false,1/2/2018,52
219325248,Mason Redfearn,3/14/2019,Indonesia,true,10/13/2018,905
230920464,Lamond Orrell,3/19/2022,Russia,false,8/24/2023,76995
211434500,Pippo Bubb,4/20/2016,Indonesia,true,1/24/2018,48264
351658329,Wayne Chew,1/7/2020,China,false,7/24/2023,470
325298164,Therese Petts,3/8/2018,Russia,false,9/27/2018,4710
369624637,Vasily St Louis,4/25/2013,Egypt,true,9/19/2021,5
396882477,Shelia Feander,12/22/2015,France,false,4/8/2019,51212
247068903,Theo Maylard,4/7/2024,Indonesia,true,12/10/2024,8
308326348,Ellene Abthorpe,10/12/2018,Brazil,false,11/3/2015,1697
386925957,Daron Overall,8/13/2021,China,false,8/29/2014,58439
237605068,Rhoda Blew,12/30/2017,Slovenia,false,5/9/2018,83377
212364554,Sherwynd Gallant,6/22/2020,Paraguay,false,4/30/2013,00045
214284768,Miles Gawne,1/14/2018,Indonesia,false,12/21/2023,81
263406849,Ingram Glew,3/6/2021,Mexico,true,4/27/2022,261
239649666,Adelle Notley,1/26/2018,China,true,2/9/2025,3086
351458532,Katrinka Colter,9/7/2013,Poland,false,10/11/2022,68873
309689311,Garfield Glasman,11/17/2021,Brazil,false,9/17/2024,25472
249354386,Jourdain Burmingham,4/1/2017,Philippines,false,12/2/2013,5
243227625,Helenka Tomala,8/31/2019,Brazil,false,3/10/2016,7
213070668,Abby Phipps,12/4/2014,Brazil,true,7/15/2020,3746
206791096,Chase Goldthorp,4/2/2024,Netherlands,false,10/5/2013,0205
346916458,Blaine Marlowe,8/24/2012,China,true,6/23/2016,50
296584293,Kimberlyn Dufaire,5/31/2012,Thailand,false,5/7/2023,53411
364324263,Solomon MacPike,6/7/2020,Colombia,false,8/31/2019,739
213098403,Bjorn Starmont,8/19/2021,Yemen,true,5/31/2012,099
386413032,Man Castanone,10/31/2023,Japan,true,10/28/2017,9
248475848,Kyle Keaves,7/28/2021,Morocco,false,8/24/2023,10277
209583981,Hewitt Griss,10/30/2022,Argentina,false,4/1/2013,4
202053311,Fredelia Seargeant,9/18/2020,Indonesia,false,7/30/2015,1
287563239,Thornton Pinchbeck,5/11/2013,Brazil,false,7/26/2013,367
362905019,Adrian Cowoppe,2/8/2025,Albania,true,12/25/2014,80381
254132647,Darelle Screach,8/22/2023,China,true,9/3/2022,3692
227991620,Gabey Neem,8/21/2024,China,true,9/7/2022,79
349518211,Erminie Mussalli,3/9/2013,China,true,11/7/2022,48159
327926069,Mandi Mc Trusty,12/22/2014,China,false,7/6/2013,973
343182926,Ford Grogono,12/12/2012,Indonesia,true,12/7/2014,7
233583894,Raynor Danbrook,5/16/2016,Thailand,true,6/23/2021,66
241343581,Ashley Gallifont,7/13/2013,France,false,12/5/2021,7
219796842,Jarred Leppington,8/2/2014,Indonesia,true,5/12/2020,2072
347151686,Marlin Banham,3/20/2019,China,false,12/13/2020,1
369763445,Niles Hall,4/23/2015,Philippines,true,10/5/2015,3
265221599,Ashton Creasey,2/12/2021,Philippines,false,8/5/2021,83
244083946,Marielle Igounet,2/10/2024,Pakistan,false,7/7/2012,1
358088770,Fanchon Klewi,2/20/2014,Morocco,true,10/15/2023,90
305155996,Gamaliel Clench,4/3/2015,Saudi Arabia,false,5/24/2013,73258
363813690,Sandy Mahaddie,5/20/2024,Canada,false,11/19/2022,91518
238911429,Vance McQuilkin,9/20/2019,France,true,9/7/2015,95351
298039878,Fabe Face,2/19/2023,Portugal,true,9/23/2016,644
213763308,Enid Lawley,11/14/2014,Czech Republic,true,4/3/2014,48902
286643799,Patti O'Dea,10/26/2015,Indonesia,true,12/27/2014,6263
219517366,Victoir Stickins,8/2/2015,Indonesia,false,12/15/2017,736
394182620,Cam Palffrey,3/7/2017,United States,true,1/20/2016,63080
315283409,Ludwig Balnave,1/16/2017,United States,false,8/13/2023,5501
335300485,Dorian Farey,4/21/2014,Russia,false,8/5/2017,2
274236665,Timmi Spragg,3/17/2025,China,false,12/27/2024,1
273228463,Lynnette Bunning,10/28/2024,Argentina,true,11/22/2016,0077
282631423,Rosabelle Kierans,10/25/2018,Cuba,true,12/14/2016,4802
281915732,Sherm Mordey,3/15/2024,Russia,false,1/10/2013,64961
388118745,Eartha Godsal,5/20/2017,Nigeria,true,7/5/2013,36059
301628606,Eustace Hune,12/30/2013,Indonesia,false,1/6/2015,9
291295650,Ulises Freezor,8/17/2023,Philippines,false,2/28/2022,370
214089026,Culley Scurry,1/3/2020,Poland,true,8/13/2024,65563
370504762,Olivie McGavigan,3/12/2025,Philippines,false,6/7/2021,64
242658374,Zackariah Petkovic,11/13/2021,Mongolia,false,3/15/2016,37253
212009912,Gianna de Tocqueville,10/30/2014,France,false,12/14/2015,44109
258951173,Gisella Krojn,10/17/2017,China,false,9/10/2024,698
296293724,Lucas Danhel,2/2/2023,China,false,11/24/2022,8086
357408559,Tabbi Oertzen,11/5/2020,Poland,true,10/4/2024,341
341552271,Mychal Veque,10/12/2020,Czech Republic,true,8/3/2015,6358
328406622,Dita Spradbery,4/28/2018,China,false,1/23/2016,1889
334958952,Bianca Karlolak,5/12/2014,Slovenia,false,5/17/2023,3546
339744166,Poppy Daubeny,3/22/2015,Morocco,false,8/26/2021,96814
270655533,Gerda Boissier,6/25/2017,China,true,1/16/2024,2
238758699,Justus Kilmister,5/13/2013,France,false,6/14/2022,2
331617074,Vanya Naylor,6/6/2021,China,false,8/1/2021,555
226139907,Vinny McDiarmid,12/7/2015,Brazil,false,8/19/2016,65213
302106987,Cecily Scarratt,4/7/2014,China,true,12/22/2012,8417
368668596,Arni Heams,1/10/2016,Philippines,false,1/20/2020,993
374338161,Rafi Mogridge,4/9/2014,Russia,true,4/23/2018,0
349227977,Andeee Stentiford,1/4/2018,Portugal,true,2/18/2014,4
397349642,Nelie Boyes,11/15/2017,China,false,6/1/2012,583
339722468,Karel Spurgin,1/30/2024,France,false,11/4/2024,3005
247379073,Holly Lantuff,5/31/2021,China,false,10/10/2018,9
358731770,Fidelio Bothen,2/7/2018,Indonesia,true,11/10/2019,36
260209165,Stephani Carbert,1/7/2013,Guinea,false,5/29/2017,16400
348878835,Saidee Stubs,8/24/2023,China,true,12/7/2019,1415
245804847,Vi Cariss,3/24/2018,Philippines,true,1/10/2014,52
298763146,Billie Doull,12/3/2017,Syria,false,8/20/2024,285
388010050,Isadora L'Hommee,11/24/2015,Bolivia,true,10/17/2023,63
336347698,Bernita Duxbarry,9/3/2021,Argentina,true,7/17/2020,00
334949835,Letitia Apted,1/1/2020,Brazil,false,7/22/2015,8
212801300,Leodora Nicklin,5/1/2012,Portugal,false,7/2/2018,36
344278957,Karilynn Pallis,2/13/2022,France,true,5/20/2017,107
343818149,Tonya Mathwen,12/28/2022,Syria,false,2/7/2018,1563
276828566,Ax Gaines,5/6/2013,Democratic Republic of the Congo,true,3/5/2022,0309
296973368,Hasty Hyrons,11/6/2023,Philippines,true,6/19/2024,5
260161549,Tasha Lovemore,7/21/2019,Afghanistan,false,10/21/2014,49
260245362,Jae Wythill,9/14/2017,Russia,true,5/6/2019,6365
225317159,Lauree Tivolier,4/7/2023,China,false,6/22/2014,13
209629238,Samara Booth,2/11/2022,Belarus,false,10/21/2024,759
235500796,Bernadene Winters,6/12/2015,Canada,false,4/29/2018,35069
250159215,Alley Bradman,8/3/2023,Indonesia,false,7/19/2020,95916
341602188,Vinni Gasson,5/9/2019,China,false,5/15/2021,3
324642481,Liane Baty,9/3/2017,China,true,12/8/2019,095
288443713,Caitrin Carlton,10/28/2012,Indonesia,false,12/11/2020,86748
239130364,Trever Donovin,7/18/2024,Colombia,false,8/27/2021,7
209499560,Miner Mineghelli,2/20/2017,Belarus,false,1/28/2020,3773
323292492,Jana Hobson,11/24/2019,Poland,false,3/24/2015,2346
218836828,Adler Corkan,5/16/2022,China,true,12/29/2018,0
362354348,Tiena Gethouse,8/25/2012,Norway,false,9/14/2017,194
333165871,Petunia Speirs,7/9/2012,Morocco,false,9/15/2013,58748
342838337,Samaria Joslyn,3/11/2024,Indonesia,false,1/16/2023,193
216545905,Thorn Beernt,7/21/2017,Israel,true,10/27/2024,5059
372967652,Cleo Milner,8/25/2014,Russia,false,6/2/2023,85
309468674,Kennie Grisenthwaite,12/18/2024,Japan,false,1/30/2022,40
316783419,Eugenius Sauvage,3/14/2016,Argentina,true,12/30/2014,3
397847063,Audrye Scothron,3/2/2014,Uzbekistan,false,3/21/2024,84
253449070,Sadella Grimsdale,8/16/2017,New Zealand,true,6/19/2017,257
269469634,Willi Ablewhite,11/26/2018,China,false,4/30/2017,48
244980060,Dorine Adelberg,1/20/2022,Nepal,true,5/11/2015,9110
233290914,Angeli Lantoph,5/28/2020,China,false,8/15/2019,3
209431578,Kippie Burriss,4/14/2016,Argentina,false,11/23/2019,49516
323529521,Cyndie Paladino,10/11/2018,Madagascar,false,4/9/2015,9651
218334658,Trish Mulvany,4/29/2017,Sweden,false,5/15/2016,364
212193843,Shem McQuaide,3/12/2013,Egypt,false,12/1/2012,964
351847182,Klarrisa Longworthy,3/10/2018,Brazil,false,8/3/2021,606
321052241,Meggie Ferrant,3/12/2021,Ireland,false,6/20/2022,61275
208298319,Ross Martynov,5/29/2018,Indonesia,true,10/21/2018,71
357221383,Kacy Cranham,3/10/2020,Palestinian Territory,true,3/28/2023,5
388055470,Rafaelita Buggy,6/14/2014,Turkmenistan,false,5/16/2013,6
385805588,Sam Nappin,8/13/2013,Vietnam,false,8/3/2021,7
373428408,Fred Dowty,11/23/2019,China,false,9/1/2013,777
253933347,Thibaut Nannetti,8/6/2013,United States,true,7/1/2013,6380
301835325,Theo Robjant,7/10/2015,Peru,false,2/16/2018,9
283109798,Ervin Gilham,4/15/2014,Russia,false,8/8/2017,511
340334437,Twila McClaughlin,5/17/2021,Indonesia,true,7/19/2023,1238
248937141,Stephenie Pedreschi,8/5/2014,United States,true,6/26/2016,996
251230579,Tibold Camamile,12/1/2021,China,true,12/24/2016,92
207837327,Artemas Brum,8/17/2016,Slovenia,true,7/25/2021,5572
231109769,Virgie Osipov,7/8/2012,Mauritius,false,10/21/2019,32
337072924,Hally Ranahan,7/17/2021,Indonesia,false,2/28/2014,191
356617348,Lynnea Meys,7/31/2018,Nigeria,false,10/21/2020,62
306920894,Fred Mitham,8/27/2022,China,true,12/13/2023,2
200604738,Channa Bonfield,7/4/2013,Czech Republic,true,8/30/2016,33
321392829,Merrill Eliff,6/5/2023,Russia,true,4/3/2021,5
341409976,Austen Iglesias,12/18/2012,China,false,12/4/2015,55586
398404415,Mirilla Troak,7/24/2023,Peru,true,6/2/2016,7
322345728,Alard Lammerts,10/28/2018,China,false,6/23/2023,089
391289165,Crystal Salvati,2/8/2019,Russia,true,3/26/2017,473
202634123,Denice Arents,5/12/2016,China,true,3/4/2022,4954
329496816,Aileen Daniellot,1/24/2014,United Kingdom,false,12/29/2019,0
393531438,Dana Mangenot,4/3/2013,Yemen,false,9/10/2018,37
381802810,Eb Cartan,3/10/2023,Indonesia,false,2/23/2019,03
392267300,Chiquia Kissack,3/19/2019,Vietnam,true,7/17/2016,2
248183717,Gabi MacMeeking,2/16/2025,Brazil,false,4/14/2021,3
322440998,Alan Kenworthey,12/15/2015,Indonesia,false,8/20/2021,82312
332998114,Lucio Byre,11/15/2012,Canada,true,7/24/2018,2
322704462,Reinold Capinetti,9/29/2018,China,true,11/24/2020,6961
247027436,Cyrill Adamo,5/5/2016,Cuba,false,12/29/2020,84
294934709,Cassaundra Rudwell,9/1/2024,France,true,5/6/2016,25
349259558,Katrine Sawrey,2/3/2022,Ukraine,false,12/20/2018,299
254195498,Northrup Cheavin,5/11/2021,Philippines,false,5/31/2019,535
222110688,Renie Hansod,9/26/2015,Indonesia,false,1/27/2019,1
281731118,Allyson Danett,6/21/2014,Syria,true,1/30/2015,817
337245918,Carina Scase,10/31/2013,Portugal,false,12/3/2022,02
268428853,Silvester Athelstan,10/9/2019,Czech Republic,false,5/17/2021,6
271318473,Bordy Checci,12/19/2017,France,false,12/4/2018,18
336493676,Florentia Todd,1/3/2019,Guinea-Bissau,true,6/24/2023,1
241191021,Shandie Cashin,10/17/2023,Jordan,true,10/21/2013,25531
245627304,Carlye Sein,5/12/2013,Japan,false,1/9/2021,0655
264372010,Osbert Hallmark,8/8/2020,Canada,true,9/21/2018,39360
223179797,Haily Stammler,6/16/2019,China,false,7/23/2020,1
210717255,Ronny Callear,3/4/2017,Poland,true,2/9/2020,2
336068032,Shalna Jacobbe,3/18/2018,Mexico,false,11/25/2017,206
271845031,Inge Hordell,3/7/2020,Czech Republic,true,8/17/2016,360
237981174,Shaine Cremer,10/23/2022,France,false,5/2/2023,559
366686403,Melania Blewis,2/23/2013,Serbia,true,4/20/2021,6084
222938703,Myrna Grills,5/27/2019,Philippines,false,9/18/2016,9575
231381940,Abagail Whight,11/30/2020,United States,false,4/6/2017,2
238036459,Gil Morratt,2/18/2025,Mali,false,12/29/2015,67529
217349372,Marylin Kinahan,4/1/2014,Netherlands,true,9/16/2018,8502
307464337,Carroll Othick,1/30/2018,United States,false,12/25/2019,7
320473783,Pam Eyeington,5/8/2018,Portugal,true,11/15/2015,7700
353867729,Sadye Greenleaf,7/16/2016,China,false,8/6/2017,73
273745588,Bartlett Murrthum,10/8/2014,Mexico,false,3/6/2025,617
359858949,Artemus Haton,7/28/2018,Indonesia,true,7/31/2017,75
221443809,Glenda Doreward,11/24/2019,Argentina,false,1/3/2014,4534
208303839,Willy Cullinan,2/25/2025,Canada,true,5/11/2016,0281
207189018,Darelle Strewthers,3/23/2015,Pakistan,true,3/8/2025,748
269370896,Chandler Guillart,7/16/2019,Philippines,true,10/21/2022,5
226562213,Kelsy Pipet,2/9/2018,Kyrgyzstan,false,5/12/2015,4887
236717895,Roxane Parell,11/17/2021,Japan,true,1/22/2014,308
317578512,Alister Aucott,10/25/2016,China,true,12/31/2016,690
384798419,Clementine Starte,7/26/2024,Sierra Leone,false,3/16/2013,259
379617110,Beale Trosdall,12/5/2024,Poland,false,4/29/2015,23454
297967348,Laverna Drover,4/17/2021,China,true,9/25/2016,50
282509143,Holt Bartoli,3/28/2024,Indonesia,false,2/2/2016,21
319957835,Neddie Matieu,6/29/2015,Myanmar,true,9/12/2014,828
354860657,Karee Hartell,1/2/2014,Russia,false,4/19/2022,53
271904001,Ulrikaumeko Lille,11/19/2013,Philippines,false,10/26/2012,299
271922739,Liliane Settle,7/20/2012,China,false,9/2/2017,258
337066975,Joelly Normanvill,2/18/2018,Colombia,false,10/22/2018,5877
318874346,Malorie Meddings,8/8/2013,Mongolia,false,1/19/2020,9
398727635,Tabbatha Pidcock,12/1/2017,Norway,false,3/18/2019,8
250075742,Veronique Chard,6/22/2024,Burundi,false,9/7/2017,2
246245299,Zaria Daud,2/2/2013,China,true,7/5/2019,49
266334458,Nike Mesias,9/27/2012,Indonesia,false,5/7/2016,39
245993102,Susanetta Pain,8/9/2018,China,true,5/7/2018,7818
251542797,Janela Challis,10/12/2016,Mexico,true,5/11/2015,78747
261865325,Maureen Fergyson,8/31/2014,United States,true,5/25/2016,167
331116636,Archibaldo Nann,1/31/2020,China,false,11/12/2021,02652
308914244,Ottilie Wilgar,5/28/2019,Sweden,false,10/21/2021,1
286740035,Odella Spenceley,9/11/2018,Nigeria,true,11/29/2021,86
389417498,Dede Huxstep,8/23/2023,Indonesia,true,12/18/2018,6864
241187715,Eachelle Hardisty,9/10/2020,Poland,true,1/3/2021,1654
229202138,Rory Ogdahl,1/15/2016,Canada,true,8/10/2019,1
204223095,Gordon McGraw,1/31/2025,Syria,false,2/1/2021,0421
245726252,Ashia Bridywater,4/5/2017,Indonesia,true,10/9/2024,03
398051983,Arie Burren,6/8/2016,Switzerland,true,11/23/2013,4
311324154,Thorin Jorczyk,12/11/2013,China,true,9/18/2021,10869
200201523,Vinnie Adger,2/16/2016,Sweden,true,12/12/2024,16
391116115,Vanda Ghilks,2/4/2017,Indonesia,false,3/26/2019,87
290802979,Billi Kielty,3/4/2019,China,false,1/9/2019,4561
262592045,Alard Bompass,10/13/2019,Czech Republic,false,11/14/2012,48882
304203291,Sasha Kohtler,10/20/2022,Colombia,true,10/23/2014,25031
294861918,Anson Reynold,7/19/2022,Indonesia,false,10/25/2013,395
349317096,Juliette Stranks,1/10/2020,Philippines,false,10/23/2021,551
388654428,Phaedra Kupper,2/20/2014,Belarus,false,1/22/2021,0
236941586,Joelle Lanyon,3/31/2018,China,false,11/16/2012,8
373920054,Corena Kulver,4/21/2018,China,true,3/29/2018,2028
270062373,Roman Trounson,10/1/2023,France,false,10/30/2013,301
208880740,Kathryn O'Beirne,2/9/2021,China,true,2/4/2017,318
211500635,Judon Semor,7/18/2024,Madagascar,true,4/26/2016,34583
329247178,Paxton Darwood,11/25/2016,Vietnam,true,8/29/2024,40351
369431710,Julee Caslett,8/7/2015,Ireland,true,7/31/2017,1
332581620,Rey Cammack,1/16/2024,Indonesia,true,11/3/2019,3
305493556,Noell Godilington,5/31/2018,Paraguay,true,3/13/2017,12393
286686626,Dorree Simoneton,12/25/2012,Indonesia,true,9/16/2015,12350
245951855,Gui Readhead,6/24/2020,Philippines,false,10/25/2021,707
396802989,Homer Muckloe,7/24/2017,Indonesia,true,7/4/2014,4877
284198981,Yolane Layson,8/20/2018,Ukraine,false,7/30/2018,44744
315288408,Demetri MacPhaden,4/8/2018,Philippines,false,7/19/2019,554
343184806,Micki Speer,8/15/2017,Thailand,false,10/22/2017,1781
282053610,Fleming Bardey,7/11/2013,Russia,false,11/1/2013,0949
353289803,Abbe Ammer,8/5/2018,Bosnia and Herzegovina,false,4/21/2012,25
391772731,Errick Caustick,1/8/2015,Portugal,true,12/17/2014,13
398041514,Ladonna Bugbird,2/17/2021,Indonesia,true,1/23/2018,78911
252747081,Ray Sells,10/5/2022,Peru,false,8/9/2020,02098
309882082,Terri-jo Richardson,12/26/2015,United States,false,2/16/2020,62
268047595,Devina Badham,7/13/2023,China,true,1/16/2013,34486
378163733,Abeu Leyrroyd,1/5/2013,Mozambique,true,9/17/2020,69619
245508200,Penelope Joontjes,2/15/2015,Vietnam,false,10/21/2015,6
374011128,Valeda MacPhaden,6/6/2019,Brazil,true,5/26/2023,593
284246819,Fairleigh Fitzroy,2/9/2023,Japan,true,4/28/2012,531
235646595,Lynnet Ellacott,10/20/2021,Peru,false,5/17/2014,753
315120685,Tessa Lenin,3/12/2014,Mexico,false,8/23/2020,94
247469322,Breanne Celloni,9/11/2023,Brazil,false,4/28/2020,3
298148637,Linc Rydzynski,7/14/2022,Russia,true,12/6/2023,12714
233012941,Allen D'Costa,3/23/2016,El Salvador,true,2/14/2024,9829
293377372,Andres Beeston,11/11/2023,Sweden,true,12/12/2020,708
393626458,Birgit Dusting,10/21/2018,Indonesia,false,11/11/2024,085
250227247,Dallas Richemont,4/21/2019,China,false,6/3/2021,1
300763547,Caressa Hancill,3/4/2022,Ukraine,true,11/4/2013,04019
216538640,Grete Peto,12/6/2012,China,true,7/16/2019,4460
322409205,Micaela Appleton,11/10/2023,Colombia,false,7/28/2016,6175
357227859,Sephira Teaz,2/2/2025,China,false,9/21/2019,8
208992114,Rosemonde Cattroll,12/8/2018,China,false,6/26/2020,9461
331041019,Lilian Giorgetti,11/3/2013,Philippines,false,12/26/2013,33
314874954,Ulysses Swannick,7/18/2024,Portugal,true,2/14/2019,6
311984637,Thorndike Ambroise,9/17/2012,China,true,12/24/2016,855
201282158,Sal Bunclark,12/23/2023,Sweden,false,11/17/2019,3507
295153102,Bridget Jaeggi,1/13/2019,Mexico,true,6/21/2014,8589
255874282,Antonio Pidgeon,7/1/2020,China,false,1/26/2023,7313
332507543,Wolf Broz,11/21/2023,Lithuania,false,3/17/2016,3
389939404,Bernard Boner,4/10/2021,China,true,5/16/2014,1
395254116,Francesca Elmer,1/29/2015,China,false,8/26/2016,9
210387248,Danyette Norvell,6/28/2017,Indonesia,true,3/27/2015,84492
213010203,Holly Gowans,12/4/2016,Sao Tome and Principe,false,6/24/2024,74
342130200,Grenville Muscat,12/28/2012,Colombia,false,9/5/2021,52
277530939,Jo ann Allbut,9/15/2015,France,true,4/20/2015,24945
300694927,Lynne McKernon,1/28/2022,China,true,9/26/2014,58151
296997015,Devy Suttaby,12/3/2012,China,true,5/16/2015,01
343777373,Teresita Daggett,5/11/2013,Ukraine,false,1/23/2022,76
335571118,Dido Cabera,1/5/2020,Libya,false,7/14/2022,8794
291516712,Bink Ottery,10/18/2019,China,false,10/1/2023,99729
298346469,Farrel Skamal,3/30/2015,United States,true,3/3/2021,4902
232479418,Jaclin Physick,12/30/2015,Ethiopia,true,5/29/2014,27547
342440892,Dugald Banane,6/24/2020,Indonesia,false,10/7/2012,329
265038940,Etienne Drever,6/28/2016,Sweden,true,8/5/2013,8
324920424,Jaquelin Woodrooffe,4/23/2021,China,false,7/6/2022,06
335204772,Ede Ing,3/4/2019,Mongolia,false,11/25/2024,52
346959291,Nolana Sate,11/16/2022,Sweden,false,6/27/2022,459
248401640,Willie Dearell,2/9/2018,Nigeria,false,1/16/2016,549
305107778,Sonnnie Methley,4/16/2017,Philippines,true,12/22/2024,19061
366041527,Andre Railton,2/24/2023,Portugal,true,6/30/2012,29212
361354035,Netta Droghan,1/10/2014,Czech Republic,true,3/29/2014,8
361696274,Melita Jandak,12/20/2014,China,true,2/25/2025,662
280004068,Dixie Bengoechea,9/13/2022,Cameroon,true,5/24/2016,57
227859145,Sandie Cassely,4/20/2021,Slovenia,true,6/4/2012,08
208564571,Rosella Meenehan,3/17/2017,Ukraine,true,12/13/2017,1
337667901,Barny Patel,12/2/2017,Afghanistan,true,3/14/2015,814
256918675,Gale Gurdon,11/26/2012,Indonesia,false,8/23/2022,64
286239822,Guenevere Sleit,6/3/2017,Palestinian Territory,false,11/12/2015,3864
315237239,Giffard Grimsey,8/27/2019,Brazil,false,3/30/2014,9
259731731,Evania Lambird,6/30/2013,China,true,10/16/2021,606
320753525,Loren Malzard,11/28/2014,Ukraine,true,2/7/2016,80
395379258,Cory Jenkinson,12/10/2020,Russia,true,3/31/2017,17200
342864930,Rhiamon Lapree,6/18/2019,Czech Republic,true,12/25/2013,54
367631471,Rea Quested,12/11/2018,Belarus,false,2/27/2022,258
201026437,Aldis Amoore,5/16/2016,Myanmar,true,7/20/2013,3743
243168368,Reba Franz,1/22/2019,Poland,false,7/8/2023,4
332328743,Brendis Koles,3/25/2018,China,true,12/13/2023,00
371911907,Rafferty Rizzardini,1/20/2014,Ireland,false,8/24/2017,0655
394161546,Ulises Yeardley,10/20/2018,Afghanistan,true,4/10/2014,5446
358541500,Samara Caves,6/6/2016,Sweden,true,4/30/2017,5915
388174033,Marcos Duthy,10/30/2018,Japan,true,3/1/2017,578
241161145,Christos Narbett,7/1/2013,China,false,5/30/2017,7
202955722,Lisa Baggiani,3/8/2025,Philippines,true,12/13/2016,67107
240424362,Riva Renshell,1/14/2022,Russia,true,6/6/2024,2695
376413737,Minerva Darell,4/10/2021,Indonesia,true,12/5/2019,18
369272236,Gabi Carney,12/2/2021,Indonesia,true,12/25/2019,332
293757191,Fee Keneforde,2/20/2021,China,true,5/28/2024,252
262246605,Pearle Sphinxe,7/22/2022,Cuba,true,8/20/2023,0805
389121653,Muire Gorrie,4/16/2015,China,true,2/19/2023,2356
295289023,Roi MacEntee,3/23/2021,China,true,12/15/2015,6
232403980,Adan Hadley,5/25/2023,Tanzania,true,12/10/2021,5906
238102816,Lottie Cornforth,10/14/2018,China,false,6/30/2021,990
288806667,Bogey Auchinleck,12/11/2024,United States,true,3/27/2014,2
300237270,Janka Grills,12/18/2019,Uganda,false,1/12/2018,11
301833316,Kay Rhymer,10/3/2012,China,true,1/1/2021,59
280380849,Trever Brunt,10/8/2012,Brazil,false,6/15/2019,3114
305360154,Meryl Racher,8/14/2019,France,true,3/25/2023,24
260555428,Marty Ishaki,11/7/2024,Greece,true,7/22/2021,50
355076137,Olympe Ellerton,8/16/2023,Ethiopia,false,3/20/2022,5127
390294336,Bennie Pickvance,9/5/2019,Croatia,true,7/25/2018,6
207377539,Ashleigh Sharple,1/14/2020,Uzbekistan,true,3/9/2019,48966
221889727,Denni Genge,1/29/2024,Philippines,true,9/20/2017,23
389161554,Thorpe Schwerin,1/28/2018,Indonesia,true,11/14/2021,4
338510568,Denise Penfold,2/11/2017,Indonesia,false,12/5/2013,8
211459985,Julieta Lathaye,1/17/2015,Sweden,true,8/22/2019,3
320177780,Dewey Langfield,10/12/2021,Portugal,true,12/15/2013,57170
255178313,Ricardo Crowth,7/25/2020,Croatia,true,12/8/2014,9767
269033972,Jonathan Haddrell,3/16/2019,China,false,8/27/2021,510
254564866,Archibaldo Duerden,9/22/2015,Indonesia,false,11/22/2017,966
385686850,Gayelord Sedgemore,3/8/2018,China,false,9/29/2018,398
318331832,Pietra Baudassi,12/17/2022,France,false,6/22/2013,59000
282765519,Conway Achrameev,6/25/2024,China,false,10/10/2022,58
237430868,Stefanie Folger,6/23/2012,Indonesia,false,10/30/2021,506
305557675,Justinian Makepeace,1/3/2025,China,true,2/17/2024,333
293472677,Dalston Murt,6/10/2013,China,false,7/26/2017,32329
306742025,Gracia Blount,7/29/2016,Gambia,true,7/29/2016,1
221403551,Beck Fruser,3/23/2025,China,false,10/26/2015,48
238847808,Binni Nitto,4/12/2013,Kazakhstan,false,8/21/2015,234
264868912,Malchy Duddan,4/24/2017,Indonesia,false,3/24/2021,950
393217371,Avis Djurkovic,9/23/2013,Hungary,true,3/16/2016,79
287454936,Gibb Clausen-Thue,5/4/2024,China,false,2/29/2016,15830
368788237,Pearla Wheelhouse,10/24/2016,Sweden,true,2/3/2013,5
277764269,Aile Cottrill,7/13/2018,Botswana,true,7/23/2016,2856
209412534,Ardelle Cammack,11/18/2022,Russia,true,6/3/2013,6472
263852666,Sande O'Brallaghan,5/27/2014,Russia,false,12/5/2014,3121
295482158,Frasco Heinish,8/22/2013,Sweden,true,1/2/2017,82907
334136991,Isadore Graine,6/10/2019,Syria,false,10/30/2021,88
248260397,Aldrich Franz,10/31/2016,Philippines,true,5/23/2016,1
213143724,Alic Giamo,8/18/2024,China,true,12/4/2016,08
398150514,Jacobo Drexel,6/14/2014,Nigeria,true,6/12/2021,59455
290829670,Kelley Rozenzweig,2/5/2024,China,false,8/26/2021,52097
318160836,Job Cleaton,8/20/2017,Portugal,true,1/5/2017,3
264745514,Ethelyn Widmoor,5/1/2018,Vietnam,false,8/1/2022,663
215874817,Grissel Vittore,3/20/2017,Philippines,true,5/6/2022,907
234668394,Jessalyn Woods,8/22/2017,Japan,true,10/26/2013,3479
352249634,Gaylord Whitfeld,4/24/2014,Cambodia,false,3/16/2013,84202
244513184,Haydon Chern,4/22/2020,Chile,true,10/1/2018,02
337399321,Abram Isakson,2/22/2025,Madagascar,false,9/6/2014,87
321367489,Duffy Girth,12/15/2018,Thailand,false,3/13/2017,55574
326227803,Clarabelle Fishly,10/13/2021,China,false,8/4/2012,68
246296653,Carlen Chateau,2/6/2017,Lithuania,false,6/21/2014,76762
235445965,Barty Lygo,2/17/2020,Mexico,false,5/6/2018,890
339550719,Perri Etchells,1/11/2024,France,false,12/10/2012,12223
302931417,Dannie Loren,12/31/2021,Poland,false,8/28/2017,29
352840511,Yettie McMonnies,4/20/2019,Philippines,true,3/8/2018,9305
371768410,Annabal Abramamovh,7/1/2014,Argentina,false,1/17/2015,0
234535377,Denni Aloway,2/7/2021,Greece,true,1/1/2014,2003
321699034,Melisent Kimbrey,9/28/2021,China,false,8/13/2013,5
222181155,Rachael Randle,3/1/2023,China,false,2/22/2019,50
290460261,Torrence Roughley,1/4/2017,Brazil,false,7/24/2023,25
258611603,Ashia Petronis,6/7/2019,Israel,false,12/13/2024,177
267490545,Adelaida Lightwing,5/22/2013,United States,true,2/17/2025,46
259334582,Catriona Woodings,12/30/2022,Thailand,true,2/4/2023,7
346275418,Garv Nower,10/12/2015,Indonesia,true,1/3/2019,3739
317356913,Rafa Texton,7/31/2016,Bulgaria,true,6/4/2020,105
392303554,Hagen Noulton,8/6/2019,China,false,7/15/2014,4431
289479392,Joanna Joselevitz,10/16/2023,China,true,8/9/2020,5
341919770,Britte Emerton,7/3/2014,Peru,true,7/23/2014,68306
247115592,Chevy OIlier,1/16/2016,Indonesia,false,6/27/2023,8604
323419153,Connie Paybody,12/17/2015,China,false,11/25/2018,55
313586774,Damaris Holbury,10/29/2022,Dominican Republic,false,2/3/2020,9
277698058,Falkner Faux,12/19/2014,Indonesia,true,6/24/2014,511
397569749,Doti Alders,6/26/2023,China,false,11/4/2020,917
256822056,Lynn Arnow,4/18/2014,Bulgaria,false,11/6/2014,7256
254292746,Ulysses Peyton,5/16/2024,United Kingdom,false,2/17/2021,80939
324028353,Kienan Basili,5/27/2013,Chad,false,5/27/2021,7
242540936,Celesta Binton,1/31/2025,France,false,3/14/2014,9001
297699208,Philip Goldhawk,9/29/2022,Indonesia,true,3/8/2016,26
203848562,Fanni Elintune,10/23/2019,China,true,2/10/2020,1
323725661,Joyan Gingle,2/23/2025,China,false,7/26/2014,01541
315694302,Silvia Fumagallo,8/31/2018,Canada,true,3/5/2024,82
217271193,Buddie McNay,8/25/2014,Portugal,false,9/5/2022,1773
344367293,Ida Goodall,9/26/2023,Russia,false,6/25/2012,42784
357240008,Tasia Gathwaite,8/28/2017,Panama,false,11/17/2017,9
353172815,Chrystal Daglish,6/5/2013,United States,true,3/16/2016,400
213153716,Beulah Sivorn,9/12/2024,France,true,4/3/2024,66822
222806629,Chrotoem D'Elias,7/8/2023,China,true,11/15/2024,289
242197813,Rebe Combes,4/13/2021,China,true,4/20/2021,435
214480836,Hadrian Eliesco,2/8/2018,Argentina,true,11/11/2022,147
397335721,Creighton Wycliff,7/8/2016,China,true,3/27/2020,358
356503449,Grissel Garnam,3/3/2023,Philippines,false,6/24/2023,641
391110134,Konstantine Riches,12/7/2021,Saudi Arabia,false,1/30/2019,64
294555386,Rem O'Shields,4/12/2022,Sweden,true,11/3/2022,945
399803577,Faunie Boylund,9/13/2015,Poland,false,3/24/2013,13
235260404,Vinson Henfre,8/20/2022,Ukraine,false,3/28/2014,64439
299668686,Minne Stolworthy,4/22/2017,Cuba,true,9/16/2016,29
390066914,Catharina Galland,7/15/2017,Indonesia,true,9/24/2022,8
355547763,Florette Butterly,1/29/2019,Canada,true,4/7/2018,79201
217777237,Claude Waterhous,1/18/2018,Greece,false,2/3/2021,66
201091968,Chas Ginnell,11/16/2019,United States,false,3/13/2020,1407
319285154,Ernestus Robelet,4/7/2015,Colombia,true,11/9/2024,667
242071998,Elicia McIlvenny,1/10/2021,Jamaica,false,10/19/2014,19299
310760790,Tobin Oubridge,10/18/2022,Russia,true,9/28/2012,6
338752167,Matthiew Cotes,5/22/2015,Philippines,false,6/12/2014,89
310743305,Thane Tylor,11/22/2024,Indonesia,true,2/23/2019,69
231663706,Graig Dracey,6/22/2014,Peru,false,4/29/2022,671
286390209,Tan Caley,5/21/2023,Indonesia,false,3/8/2016,51
298608142,Stevana Bebbington,9/12/2023,Mozambique,false,12/20/2015,926
252057362,Hubey Nockles,5/9/2013,China,true,8/16/2012,986
205387104,Joseph Whaymand,6/23/2021,Poland,true,10/6/2023,22
332529637,Dix Musson,7/30/2018,China,false,5/24/2023,9592
364246636,Trude O'Bradden,4/30/2021,Poland,false,1/17/2021,210
280434334,Karlens Gary,3/2/2024,France,false,8/2/2022,807
281203848,Dewain Skene,10/13/2024,Indonesia,true,4/24/2012,0
243341403,Lin Dyshart,7/5/2012,Hungary,false,8/26/2024,222
363100719,Tracy Vouls,2/26/2017,Sweden,false,10/9/2023,618
294926087,Catha Braime,6/20/2016,Bosnia and Herzegovina,false,12/19/2022,9961
289413509,Hannis Pappi,12/8/2024,China,false,4/15/2019,35
272149677,Marin Pleasance,1/30/2015,Malaysia,false,12/21/2014,207
284897619,Glory Mapp,9/1/2015,China,true,7/2/2017,48192
224646489,Benedicta Edginton,10/12/2021,Greece,false,2/20/2017,00219
354212049,Elyse Sabati,9/30/2020,Cambodia,true,3/14/2013,1
300946771,Ajay Atton,2/28/2023,Canada,false,8/19/2019,8829
228164758,Towney Sellor,12/26/2012,United Kingdom,false,8/16/2013,60
278250626,Zita Haines,3/2/2015,Czech Republic,true,11/12/2021,4630
350287505,Glennie Spanton,11/12/2018,Mauritius,false,6/12/2016,61799
242675280,Lewiss Pollie,9/26/2014,Honduras,false,4/8/2019,681
259041772,Carlynn Hazel,12/10/2022,Philippines,true,8/24/2013,17
395738908,Roanna Phillcock,12/10/2022,Indonesia,true,1/14/2013,035
266170053,Chrysa Scruton,9/4/2020,Indonesia,false,4/11/2025,2641
214110471,Allin Greatreax,6/8/2016,Sweden,true,10/19/2022,6
348025293,Dorolice Ciementini,9/3/2017,China,true,12/22/2015,36706
391332532,Esmeralda O'Hartnedy,9/6/2022,Nigeria,true,3/18/2013,184
324527697,Margarita Jeremiah,11/22/2020,China,true,5/22/2023,13
284922012,Fionna D'Andrea,5/16/2020,France,true,4/17/2023,089
